query	significant	p_value	term_size	query_size	intersection_size	precision	recall	term_id	source	term_name	effective_domain_size	source_order	evidence_codes	intersection
Active_ARAF_combined	TRUE	7.07498534440465e-12	47	322	18	0.0559006211180124	0.382978723404255	huMAP3_14584.1_6	humap3.0	huMAP3_14584.1_6	9293	14566	X,X,X,X,X,X,X,X,X,X,X,X,X,X,X,X,X,X	PPP6C,PFDN6,TCP1,TUBG1,CCT6A,CCT5,CCT3,CCT8,CCT4,CCT2,PDCL,FBXW8,CCT6B,DCAF5,DNAAF10,CCT7,HGH1,PDCL3
Active_ARAF_combined	TRUE	3.654877511552e-11	22	322	13	0.0403726708074534	0.590909090909091	huMAP3_06559.1_2	humap3.0	huMAP3_06559.1_2	9293	6559	X,X,X,X,X,X,X,X,X,X,X,X,X	TCP1,CCT6A,CCT5,CCT3,CCT8,CCT4,CCT2,PDCL,FBXW8,CCT6B,DCAF5,DNAAF10,CCT7
Active_ARAF_combined	TRUE	1.57025953790287e-10	29	322	14	0.0434782608695652	0.482758620689655	huMAP3_10656.1_5	humap3.0	huMAP3_10656.1_5	9293	10649	X,X,X,X,X,X,X,X,X,X,X,X,X,X	TCP1,CCT6A,CCT5,CCT3,CCT8,CCT4,CCT2,PDCL,FBXW8,CCT6B,DCAF5,DNAAF10,CCT7,PDCL3
Active_ARAF_combined	TRUE	6.4712746758992e-10	21	322	12	0.0372670807453416	0.571428571428571	huMAP3_07938.1_3	humap3.0	huMAP3_07938.1_3	9293	7937	X,X,X,X,X,X,X,X,X,X,X,X	TCP1,CCT6A,CCT5,CCT3,CCT8,CCT4,CCT2,FBXW8,CCT6B,DCAF5,DNAAF10,CCT7
Active_ARAF_combined	TRUE	2.27895058586718e-09	28	322	13	0.0403726708074534	0.464285714285714	huMAP3_09191.1_4	humap3.0	huMAP3_09191.1_4	9293	9187	X,X,X,X,X,X,X,X,X,X,X,X,X	TCP1,CCT6A,CCT5,CCT3,CCT8,CCT4,CCT2,PDCL,FBXW8,CCT6B,DCAF5,DNAAF10,CCT7
Active_ARAF_combined	TRUE	0.000367380988890949	10	322	6	0.0186335403726708	0.6	huMAP3_03810.1_1	humap3.0	huMAP3_03810.1_1	9293	3811	X,X,X,X,X,X	TCP1,CCT6A,CCT8,CCT4,CCT2,DNAAF10
Active_ARAF_combined	TRUE	0.00296319474987931	8	322	5	0.015527950310559	0.625	huMAP3_11913.1_6	humap3.0	huMAP3_11913.1_6	9293	11901	X,X,X,X,X	IRS4,NISCH,PIK3R1,PIK3CA,PIK3R3
Active_ARAF_combined	TRUE	0.00296319474987931	8	322	5	0.015527950310559	0.625	huMAP3_01951.1_1	humap3.0	huMAP3_01951.1_1	9293	1952	X,X,X,X,X	CCT5,CCT3,FBXW8,DCAF5,CCT7
Active_ARAF_combined	TRUE	0.0101578121123088	23	322	7	0.0217391304347826	0.304347826086957	huMAP3_14681.1_6	humap3.0	huMAP3_14681.1_6	9293	14662	X,X,X,X,X,X,X	ZNF749,PRKAR1A,PRKACA,PRKACB,PRKAR1B,KLHL28,AKAP11
Active_ARAF_combined	TRUE	0.0139175939019976	24	322	7	0.0217391304347826	0.291666666666667	huMAP3_13774.1_6	humap3.0	huMAP3_13774.1_6	9293	13757	X,X,X,X,X,X,X	TOMM70,BAG2,STIP1,HSPH1,DNAJC7,BAG5,STUB1
Active_ARAF_combined	TRUE	0.0293675467844332	36	322	8	0.0248447204968944	0.222222222222222	huMAP3_09057.1_4	humap3.0	huMAP3_09057.1_4	9293	9054	X,X,X,X,X,X,X,X	PFDN6,URI1,POLR2L,DNAAF10,RPAP3,GPN2,PDRG1,UXT
Active_ARAF_combined	TRUE	0.0363527157977598	37	322	8	0.0248447204968944	0.216216216216216	huMAP3_08487.1_3	humap3.0	huMAP3_08487.1_3	9293	8486	X,X,X,X,X,X,X,X	PFDN6,URI1,POLR2L,DNAAF10,RPAP3,GPN2,PDRG1,UXT
Active_ARAF_combined	TRUE	0.0446755014097419	38	322	8	0.0248447204968944	0.210526315789474	huMAP3_06426.1_2	humap3.0	huMAP3_06426.1_2	9293	6426	X,X,X,X,X,X,X,X	PFDN6,URI1,POLR2L,DNAAF10,RPAP3,GPN2,PDRG1,UXT
Active_ARAF_combined	TRUE	0.0490799371602456	3	322	3	0.0093167701863354	1	huMAP3_05596.1_2	humap3.0	huMAP3_05596.1_2	9293	5597	X,X,X	UBR5,HUWE1,TANGO6
Active_ARAF_combined	TRUE	0.0490799371602456	3	322	3	0.0093167701863354	1	huMAP3_08398.1_3	humap3.0	huMAP3_08398.1_3	9293	8397	X,X,X	CRTAP,P3H1,P3H2
Active_ARAF_combined	TRUE	0.0490799371602456	3	322	3	0.0093167701863354	1	huMAP3_05581.1_2	humap3.0	huMAP3_05581.1_2	9293	5582	X,X,X	CRTAP,P3H1,P3H2
Active_BRAF_combined	TRUE	0.000317580229127213	23	428	9	0.0210280373831776	0.391304347826087	huMAP3_15260.1_6	humap3.0	huMAP3_15260.1_6	9293	15237	X,X,X,X,X,X,X,X,X	JUN,FOSL1,JUNB,JUND,EGR1,FOSB,TRIB1,FOS,ETS2
Active_BRAF_combined	TRUE	0.00073027034215749	39	428	11	0.0257009345794393	0.282051282051282	huMAP3_09165.1_4	humap3.0	huMAP3_09165.1_4	9293	9162	X,X,X,X,X,X,X,X,X,X,X	ANXA2,S100A10,YES1,LYN,CD59,SPTBN1,SPTAN1,GPRC5A,GNG12,RAP2C,CSNK1G3
Active_BRAF_combined	TRUE	0.00268990851597139	16	428	7	0.0163551401869159	0.4375	huMAP3_10133.1_5	humap3.0	huMAP3_10133.1_5	9293	10128	X,X,X,X,X,X,X	JUN,FOSL1,JUNB,JUND,FOSB,TRIB1,FOS
Active_BRAF_combined	TRUE	0.00317637969023015	7	428	5	0.0116822429906542	0.714285714285714	huMAP3_05687.1_2	humap3.0	huMAP3_05687.1_2	9293	5688	X,X,X,X,X	S100A10,YES1,LYN,GPRC5A,CSNK1G3
Active_BRAF_combined	TRUE	0.00416676809634926	30	428	9	0.0210280373831776	0.3	huMAP3_07596.1_2	humap3.0	huMAP3_07596.1_2	9293	7596	X,X,X,X,X,X,X,X,X	BRAF,YWHAQ,YWHAB,SFN,YWHAG,YWHAE,YWHAZ,YWHAH,IRS2
Active_BRAF_combined	TRUE	0.0096771149492728	13	428	6	0.014018691588785	0.461538461538462	huMAP3_09690.1_4	humap3.0	huMAP3_09690.1_4	9293	9685	X,X,X,X,X,X	JUN,JUNB,JUND,FOSB,TRIB1,FOS
Active_ERK1_combined	TRUE	1.26626233731956e-13	24	94	11	0.117021276595745	0.458333333333333	huMAP3_10397.1_5	humap3.0	huMAP3_10397.1_5	9293	10392	X,X,X,X,X,X,X,X,X,X,X	ATXN7,SUPT3H,TAF5L,SUPT7L,ATXN7L3,ATXN7L2,TADA2B,SUPT20H,TADA1,TAF9B,ATXN7L1
Active_ERK1_combined	TRUE	3.65388462363764e-12	22	94	10	0.106382978723404	0.454545454545455	huMAP3_00902.1_1	humap3.0	huMAP3_00902.1_1	9293	903	X,X,X,X,X,X,X,X,X,X	ATXN7,SUPT3H,TAF5L,SUPT7L,ATXN7L3,ATXN7L2,TADA2B,SUPT20H,TADA1,TAF9B
Active_ERK1_combined	TRUE	4.05468691336553e-12	31	94	11	0.117021276595745	0.354838709677419	huMAP3_12550.1_6	humap3.0	huMAP3_12550.1_6	9293	12536	X,X,X,X,X,X,X,X,X,X,X	ATXN7,SUPT3H,TAF5L,SUPT7L,ATXN7L3,ATXN7L2,TADA2B,SUPT20H,TADA1,TAF9B,ATXN7L1
Active_ERK1_combined	TRUE	5.43942043444034e-11	38	94	11	0.117021276595745	0.289473684210526	huMAP3_10385.1_5	humap3.0	huMAP3_10385.1_5	9293	10380	X,X,X,X,X,X,X,X,X,X,X	ATXN7,SUPT3H,TAF5L,SUPT7L,ATXN7L3,ATXN7L2,TADA2B,SUPT20H,TADA1,TAF9B,ATXN7L1
Active_ERK1_combined	TRUE	5.14809990925425e-07	6	94	5	0.0531914893617021	0.833333333333333	huMAP3_09817.1_4	humap3.0	huMAP3_09817.1_4	9293	9812	X,X,X,X,X	MAPK3,MAPK1,RPS6KA3,RPS6KA2,RPS6KA1
Active_ERK1_combined	TRUE	8.13804979460285e-07	21	94	7	0.074468085106383	0.333333333333333	huMAP3_08438.1_3	humap3.0	huMAP3_08438.1_3	9293	8437	X,X,X,X,X,X,X	SUPT3H,TAF5L,SUPT7L,TADA2B,SUPT20H,TADA1,TAF9B
Active_ERK1_combined	TRUE	1.68777131620397e-06	23	94	7	0.074468085106383	0.304347826086957	huMAP3_09451.1_4	humap3.0	huMAP3_09451.1_4	9293	9447	X,X,X,X,X,X,X	SUPT3H,TAF5L,SUPT7L,TADA2B,SUPT20H,TADA1,TAF9B
Active_ERK1_combined	TRUE	1.78744891384669e-06	7	94	5	0.0531914893617021	0.714285714285714	huMAP3_04291.1_1	humap3.0	huMAP3_04291.1_1	9293	4292	X,X,X,X,X	TAF5L,ATXN7L3,TADA2B,SUPT20H,ATXN7L1
Active_ERK1_combined	TRUE	4.72847918230629e-06	8	94	5	0.0531914893617021	0.625	huMAP3_14916.1_6	humap3.0	huMAP3_14916.1_6	9293	14894	X,X,X,X,X	MAPK3,MAPK1,RPS6KA3,RPS6KA2,RPS6KA1
Active_ERK1_combined	TRUE	4.72847918230629e-06	8	94	5	0.0531914893617021	0.625	huMAP3_13479.1_6	humap3.0	huMAP3_13479.1_6	9293	13463	X,X,X,X,X	MAPK3,MAPK1,RPS6KA3,RPS6KA2,RPS6KA1
Active_ERK1_combined	TRUE	3.80833969393884e-05	11	94	5	0.0531914893617021	0.454545454545455	huMAP3_14776.1_6	humap3.0	huMAP3_14776.1_6	9293	14755	X,X,X,X,X	RPS6KA4,DUSP7,DUSP9,MKNK1,MKNK2
Active_ERK1_combined	TRUE	4.42888754619246e-05	5	94	4	0.0425531914893617	0.8	huMAP3_11291.1_6	humap3.0	huMAP3_11291.1_6	9293	11281	X,X,X,X	MAPK1,RPS6KA3,RPS6KA2,RPS6KA1
Active_ERK1_combined	TRUE	0.000131837006403922	6	94	4	0.0425531914893617	0.666666666666667	huMAP3_09385.1_4	humap3.0	huMAP3_09385.1_4	9293	9381	X,X,X,X	LIMS1,ILK,RSU1,PARVA
Active_ERK1_combined	TRUE	0.000161109977308643	14	94	5	0.0531914893617021	0.357142857142857	huMAP3_03789.1_1	humap3.0	huMAP3_03789.1_1	9293	3790	X,X,X,X,X	ATXN7,SUPT3H,SUPT7L,ATXN7L2,TADA1
Active_ERK1_combined	TRUE	0.000305236416390691	7	94	4	0.0425531914893617	0.571428571428571	huMAP3_11194.1_6	humap3.0	huMAP3_11194.1_6	9293	11184	X,X,X,X	LIMS1,ILK,RSU1,PARVA
Active_ERK1_combined	TRUE	0.000911335621611869	3	94	3	0.0319148936170213	1	huMAP3_08875.1_3	humap3.0	huMAP3_08875.1_3	9293	8873	X,X,X	RPS6KA3,RPS6KA2,RPS6KA1
Active_ERK1_combined	TRUE	0.00361856157959062	4	94	3	0.0319148936170213	0.75	huMAP3_08949.1_3	humap3.0	huMAP3_08949.1_3	9293	8947	X,X,X	MAPK3,MAPK1,RPS6KA2
Active_ERK1_combined	TRUE	0.00361856157959062	4	94	3	0.0319148936170213	0.75	huMAP3_13355.1_6	humap3.0	huMAP3_13355.1_6	9293	13340	X,X,X	MAPK3,MAPK1,RPS6KA3
Active_ERK1_combined	TRUE	0.0089799706357837	5	94	3	0.0319148936170213	0.6	huMAP3_08325.1_3	humap3.0	huMAP3_08325.1_3	9293	8324	X,X,X	RPA2,RPA1,RPA3
Active_ERK1_combined	TRUE	0.0089799706357837	5	94	3	0.0319148936170213	0.6	huMAP3_06647.1_2	humap3.0	huMAP3_06647.1_2	9293	6647	X,X,X	LIMS1,ILK,RSU1
Active_ERK1_combined	TRUE	0.0089799706357837	5	94	3	0.0319148936170213	0.6	huMAP3_04827.1_1	humap3.0	huMAP3_04827.1_1	9293	4828	X,X,X	LIMS1,ILK,RSU1
Active_ERK1_combined	TRUE	0.0111868534973044	15	94	4	0.0425531914893617	0.266666666666667	huMAP3_09561.1_4	humap3.0	huMAP3_09561.1_4	9293	9557	X,X,X,X	ATXN7,ATXN7L3,ATXN7L2,ATXN7L1
Active_ERK1_combined	TRUE	0.0178281042651634	6	94	3	0.0319148936170213	0.5	huMAP3_07481.1_2	humap3.0	huMAP3_07481.1_2	9293	7481	X,X,X	RPA2,RPA1,RPA3
Active_ERK1_combined	TRUE	0.0178281042651634	6	94	3	0.0319148936170213	0.5	huMAP3_07439.1_2	humap3.0	huMAP3_07439.1_2	9293	7439	X,X,X	DUSP9,MKNK1,MKNK2
Active_ERK1_combined	TRUE	0.0178281042651634	6	94	3	0.0319148936170213	0.5	huMAP3_06585.1_2	humap3.0	huMAP3_06585.1_2	9293	6585	X,X,X	DUSP9,MKNK1,MKNK2
Active_ERK1_combined	TRUE	0.0192049063998449	17	94	4	0.0425531914893617	0.235294117647059	huMAP3_08451.1_3	humap3.0	huMAP3_08451.1_3	9293	8450	X,X,X,X	ATXN7,ATXN7L3,ATXN7L2,ATXN7L1
Active_ERK1_combined	TRUE	0.030970255151743	7	94	3	0.0319148936170213	0.428571428571429	huMAP3_07996.1_3	humap3.0	huMAP3_07996.1_3	9293	7995	X,X,X	ATXN7L3,ATXN7L2,ATXN7L1
Active_ERK1_combined	TRUE	0.030970255151743	7	94	3	0.0319148936170213	0.428571428571429	huMAP3_08422.1_3	humap3.0	huMAP3_08422.1_3	9293	8421	X,X,X	RPA2,RPA1,RPA3
Active_ERK1_combined	TRUE	0.0491889616306294	8	94	3	0.0319148936170213	0.375	huMAP3_09432.1_4	humap3.0	huMAP3_09432.1_4	9293	9428	X,X,X	RPA2,RPA1,RPA3
Active_ERK2_combined	TRUE	1.1801647066293e-05	5	67	4	0.0597014925373134	0.8	huMAP3_11291.1_6	humap3.0	huMAP3_11291.1_6	9293	11281	X,X,X,X	MAPK1,RPS6KA3,RPS6KA2,RPS6KA1
Active_ERK2_combined	TRUE	3.52128684990219e-05	6	67	4	0.0597014925373134	0.666666666666667	huMAP3_09817.1_4	humap3.0	huMAP3_09817.1_4	9293	9812	X,X,X,X	MAPK1,RPS6KA3,RPS6KA2,RPS6KA1
Active_ERK2_combined	TRUE	0.000162548970338116	8	67	4	0.0597014925373134	0.5	huMAP3_13479.1_6	humap3.0	huMAP3_13479.1_6	9293	13463	X,X,X,X	MAPK1,RPS6KA3,RPS6KA2,RPS6KA1
Active_ERK2_combined	TRUE	0.000162548970338116	8	67	4	0.0597014925373134	0.5	huMAP3_14916.1_6	humap3.0	huMAP3_14916.1_6	9293	14894	X,X,X,X	MAPK1,RPS6KA3,RPS6KA2,RPS6KA1
Active_ERK2_combined	TRUE	0.000344485667225286	3	67	3	0.0447761194029851	1	huMAP3_08875.1_3	humap3.0	huMAP3_08875.1_3	9293	8873	X,X,X	RPS6KA3,RPS6KA2,RPS6KA1
Active_ERK2_combined	TRUE	0.00340935515749108	5	67	3	0.0447761194029851	0.6	huMAP3_08325.1_3	humap3.0	huMAP3_08325.1_3	9293	8324	X,X,X	RPA2,RPA1,RPA3
Active_ERK2_combined	TRUE	0.00678349744648315	6	67	3	0.0447761194029851	0.5	huMAP3_07481.1_2	humap3.0	huMAP3_07481.1_2	9293	7481	X,X,X	RPA2,RPA1,RPA3
Active_ERK2_combined	TRUE	0.0118098322690373	7	67	3	0.0447761194029851	0.428571428571429	huMAP3_08422.1_3	humap3.0	huMAP3_08422.1_3	9293	8421	X,X,X	RPA2,RPA1,RPA3
Active_ERK2_combined	TRUE	0.0187982022482569	8	67	3	0.0447761194029851	0.375	huMAP3_09432.1_4	humap3.0	huMAP3_09432.1_4	9293	9428	X,X,X	RPA2,RPA1,RPA3
Active_ERK2_combined	TRUE	0.0492402512952328	2	67	2	0.0298507462686567	1	huMAP3_03542.1_1	humap3.0	huMAP3_03542.1_1	9293	3543	X,X	RPS6KA3,RPS6KA1
Active_ERK2_combined	TRUE	0.0492402512952328	2	67	2	0.0298507462686567	1	huMAP3_04437.1_1	humap3.0	huMAP3_04437.1_1	9293	4438	X,X	DUSP7,DUSP9
Active_HRAS_combined	TRUE	0.00140606596720009	4	265	4	0.0150943396226415	1	huMAP3_04826.1_1	humap3.0	huMAP3_04826.1_1	9293	4827	X,X,X,X	SYNPO,CORO1B,CORO1C,CORO1A
Active_HRAS_combined	TRUE	0.00884879237084092	10	265	5	0.0188679245283019	0.5	huMAP3_10784.1_5	humap3.0	huMAP3_10784.1_5	9293	10775	X,X,X,X,X	SYNPO,MDM1,CORO1B,CORO1C,CORO1A
Active_HRAS_combined	TRUE	0.0201538738653007	6	265	4	0.0150943396226415	0.666666666666667	huMAP3_05061.1_1	humap3.0	huMAP3_05061.1_1	9293	5062	X,X,X,X	PIK3CD,PIK3R1,PIK3CA,PIK3R3
Active_HRAS_combined	TRUE	0.0357199357559179	30	265	7	0.0264150943396226	0.233333333333333	huMAP3_07596.1_2	humap3.0	huMAP3_07596.1_2	9293	7596	X,X,X,X,X,X,X	BRAF,YWHAB,YWHAG,YWHAE,YWHAZ,YWHAH,DMTN
Active_HRAS_combined	TRUE	0.0459704948643467	7	265	4	0.0150943396226415	0.571428571428571	huMAP3_12185.1_6	humap3.0	huMAP3_12185.1_6	9293	12172	X,X,X,X	PIK3CD,PIK3R1,PIK3CA,PIK3R3
Active_HRAS_combined	TRUE	0.0459704948643467	7	265	4	0.0150943396226415	0.571428571428571	huMAP3_07776.1_3	humap3.0	huMAP3_07776.1_3	9293	7775	X,X,X,X	SYNPO,CORO1B,CORO1C,CORO1A
Active_HRAS_combined	TRUE	0.0459704948643467	7	265	4	0.0150943396226415	0.571428571428571	huMAP3_05614.1_2	humap3.0	huMAP3_05614.1_2	9293	5615	X,X,X,X	SYNPO,CORO1B,CORO1C,CORO1A
Active_HRAS_combined	TRUE	0.0459704948643467	7	265	4	0.0150943396226415	0.571428571428571	huMAP3_09358.1_4	humap3.0	huMAP3_09358.1_4	9293	9354	X,X,X,X	PIK3CD,PIK3R1,PIK3CA,PIK3R3
Active_KRAS_combined	TRUE	2.71711751526766e-08	12	206	8	0.0388349514563107	0.666666666666667	huMAP3_05041.1_1	humap3.0	huMAP3_05041.1_1	9293	5042	X,X,X,X,X,X,X,X	COPS2,COPS6,COPS5,COPS8,COPS4,COPS7B,COPS7A,COPS3
Active_KRAS_combined	TRUE	1.12967914560238e-06	32	206	10	0.0485436893203883	0.3125	huMAP3_08550.1_3	humap3.0	huMAP3_08550.1_3	9293	8549	X,X,X,X,X,X,X,X,X,X	COPS2,GPS1,COPS6,COPS5,COPS8,COPS4,COPS7B,DCAF16,COPS7A,COPS3
Active_KRAS_combined	TRUE	3.46369107397179e-06	8	206	6	0.029126213592233	0.75	huMAP3_05816.1_2	humap3.0	huMAP3_05816.1_2	9293	5817	X,X,X,X,X,X	COPS2,COPS6,COPS8,COPS7B,COPS7A,COPS3
Active_KRAS_combined	TRUE	1.64947229384686e-05	41	206	10	0.0485436893203883	0.24390243902439	huMAP3_09779.1_4	humap3.0	huMAP3_09779.1_4	9293	9774	X,X,X,X,X,X,X,X,X,X	COPS2,GPS1,COPS6,COPS5,COPS8,COPS4,COPS7B,DCAF16,COPS7A,COPS3
Active_KRAS_combined	TRUE	2.12347112897583e-05	42	206	10	0.0485436893203883	0.238095238095238	huMAP3_14528.1_6	humap3.0	huMAP3_14528.1_6	9293	14510	X,X,X,X,X,X,X,X,X,X	COPS2,GPS1,COPS6,COPS5,COPS8,COPS4,COPS7B,DCAF16,COPS7A,COPS3
Active_KRAS_combined	TRUE	0.00127033075772325	26	206	7	0.0339805825242718	0.269230769230769	huMAP3_05064.1_1	humap3.0	huMAP3_05064.1_1	9293	5065	X,X,X,X,X,X,X	PSMD11,PSMD12,PSMD7,PSMD4,PSMD2,PSMD1,PSMD13
Active_KRAS_combined	TRUE	0.00364605743916381	30	206	7	0.0339805825242718	0.233333333333333	huMAP3_07596.1_2	humap3.0	huMAP3_07596.1_2	9293	7596	X,X,X,X,X,X,X	BRAF,YWHAQ,YWHAB,YWHAG,YWHAE,YWHAZ,YWHAH
Active_KRAS_combined	TRUE	0.0039514638119068	6	206	4	0.0194174757281553	0.666666666666667	huMAP3_05061.1_1	humap3.0	huMAP3_05061.1_1	9293	5062	X,X,X,X	PIK3R2,PIK3R1,PIK3CA,PIK3CD
Active_KRAS_combined	TRUE	0.00723092641848663	33	206	7	0.0339805825242718	0.212121212121212	huMAP3_08689.1_3	humap3.0	huMAP3_08689.1_3	9293	8687	X,X,X,X,X,X,X	ITGA4,ITGA2,SLC26A2,ITGA1,CSPG4,SDK1,PROCR
Active_KRAS_combined	TRUE	0.00905988968516903	7	206	4	0.0194174757281553	0.571428571428571	huMAP3_09358.1_4	humap3.0	huMAP3_09358.1_4	9293	9354	X,X,X,X	PIK3R2,PIK3R1,PIK3CA,PIK3CD
Active_KRAS_combined	TRUE	0.00905988968516903	7	206	4	0.0194174757281553	0.571428571428571	huMAP3_12185.1_6	humap3.0	huMAP3_12185.1_6	9293	12172	X,X,X,X	PIK3R2,PIK3R1,PIK3CA,PIK3CD
Active_KRAS_combined	TRUE	0.0178051671035676	8	206	4	0.0194174757281553	0.5	huMAP3_11913.1_6	humap3.0	huMAP3_11913.1_6	9293	11901	X,X,X,X	PIK3R2,PIK3R1,PIK3CA,PIK3CD
Active_KRAS_combined	TRUE	0.0178051671035676	8	206	4	0.0194174757281553	0.5	huMAP3_11629.1_6	humap3.0	huMAP3_11629.1_6	9293	11618	X,X,X,X	PIK3R2,PIK3R1,PIK3CA,PIK3CD
Active_KRAS_combined	TRUE	0.025732000413376	27	206	6	0.029126213592233	0.222222222222222	huMAP3_06971.1_2	humap3.0	huMAP3_06971.1_2	9293	6971	X,X,X,X,X,X	YWHAQ,YWHAB,YWHAG,YWHAE,YWHAZ,YWHAH
Active_KRAS_combined	TRUE	0.0276641993081744	40	206	7	0.0339805825242718	0.175	huMAP3_09336.1_4	humap3.0	huMAP3_09336.1_4	9293	9332	X,X,X,X,X,X,X	ITGA4,ITGA2,SLC26A2,ITGA1,CSPG4,SDK1,PROCR
Active_KRAS_combined	TRUE	0.0491256996417376	4	206	3	0.0145631067961165	0.75	huMAP3_12112.1_6	humap3.0	huMAP3_12112.1_6	9293	12099	X,X,X	UBXN7,CDC34,UBE2R2
Active_KRAS_combined	TRUE	0.0491256996417376	4	206	3	0.0145631067961165	0.75	huMAP3_04917.1_1	humap3.0	huMAP3_04917.1_1	9293	4918	X,X,X	KRAS,ARAF,BRAF
Active_KRAS_combined	TRUE	0.0497086863482906	59	206	8	0.0388349514563107	0.135593220338983	huMAP3_13725.1_6	humap3.0	huMAP3_13725.1_6	9293	13708	X,X,X,X,X,X,X,X	PSMD11,PSMD12,TXNL1,PSMD7,PSMD4,PSMD2,PSMD1,PSMD13
Active_MEK1_combined	TRUE	1.38535034739077e-05	23	188	8	0.0425531914893617	0.347826086956522	huMAP3_15260.1_6	humap3.0	huMAP3_15260.1_6	9293	15237	X,X,X,X,X,X,X,X	JUN,FOSL1,JUNB,EGR1,TRIB1,FOS,ETS2,FOSB
Active_MEK1_combined	TRUE	0.000146466563506377	30	188	8	0.0425531914893617	0.266666666666667	huMAP3_07596.1_2	humap3.0	huMAP3_07596.1_2	9293	7596	X,X,X,X,X,X,X,X	BRAF,YWHAQ,YWHAB,YWHAG,YWHAE,YWHAZ,YWHAH,IRS2
Active_MEK1_combined	TRUE	0.000648957534961151	16	188	6	0.0319148936170213	0.375	huMAP3_10133.1_5	humap3.0	huMAP3_10133.1_5	9293	10128	X,X,X,X,X,X	JUN,FOSL1,JUNB,TRIB1,FOS,FOSB
Active_MEK1_combined	TRUE	0.000869873477659339	50	188	9	0.0478723404255319	0.18	huMAP3_09810.1_4	humap3.0	huMAP3_09810.1_4	9293	9805	X,X,X,X,X,X,X,X,X	BRAF,YWHAQ,YWHAB,YWHAG,YWHAE,YWHAZ,YWHAH,IRS2,ERRFI1
Active_MEK1_combined	TRUE	0.00549267731761745	13	188	5	0.0265957446808511	0.384615384615385	huMAP3_09690.1_4	humap3.0	huMAP3_09690.1_4	9293	9685	X,X,X,X,X	JUN,JUNB,TRIB1,FOS,FOSB
Active_MEK1_combined	TRUE	0.00586289179739011	47	188	8	0.0425531914893617	0.170212765957447	huMAP3_10808.1_5	humap3.0	huMAP3_10808.1_5	9293	10799	X,X,X,X,X,X,X,X	BRAF,YWHAQ,YWHAB,YWHAG,YWHAE,YWHAZ,YWHAH,IRS2
Active_MEK1_combined	TRUE	0.00820475093131653	7	188	4	0.0212765957446809	0.571428571428571	huMAP3_14151.1_6	humap3.0	huMAP3_14151.1_6	9293	14134	X,X,X,X	TNFAIP1,KCTD13,BTBD9,KCTD10
Active_MEK1_combined	TRUE	0.0123492580609724	3	188	3	0.0159574468085106	1	huMAP3_08021.1_3	humap3.0	huMAP3_08021.1_3	9293	8020	X,X,X	EGR1,NAB1,NAB2
Active_MEK1_combined	TRUE	0.0199120353992894	40	188	7	0.0372340425531915	0.175	huMAP3_07838.1_3	humap3.0	huMAP3_07838.1_3	9293	7837	X,X,X,X,X,X,X	BRAF,YWHAQ,YWHAB,YWHAG,YWHAE,IRS2,ERRFI1
Active_MEK1_combined	TRUE	0.0199252098498989	27	188	6	0.0319148936170213	0.222222222222222	huMAP3_06971.1_2	humap3.0	huMAP3_06971.1_2	9293	6971	X,X,X,X,X,X	YWHAQ,YWHAB,YWHAG,YWHAE,YWHAZ,YWHAH
Active_MEK1_combined	TRUE	0.0486592670960059	4	188	3	0.0159574468085106	0.75	huMAP3_04917.1_1	humap3.0	huMAP3_04917.1_1	9293	4918	X,X,X	ARAF,BRAF,KSR1
Active_MEK2_combined	TRUE	3.18363850152527e-07	24	589	13	0.0220713073005093	0.541666666666667	huMAP3_07919.1_3	humap3.0	huMAP3_07919.1_3	9293	7918	X,X,X,X,X,X,X,X,X,X,X,X,X	HSPA4L,BAG2,BAG3,HSPA8,HSPA6,STIP1,HSPA1L,HSPA4,HSPA2,HSPH1,HSPBP1,BAG5,TUSC2
Active_MEK2_combined	TRUE	3.18363850152527e-07	24	589	13	0.0220713073005093	0.541666666666667	huMAP3_13774.1_6	humap3.0	huMAP3_13774.1_6	9293	13757	X,X,X,X,X,X,X,X,X,X,X,X,X	TOMM70,HSPA4L,BAG2,BAG3,HSPA6,STIP1,HSPA1L,HSPA4,HSPA2,HSPH1,HSPBP1,BAG5,TUSC2
Active_MEK2_combined	TRUE	1.17838890080041e-06	26	589	13	0.0220713073005093	0.5	huMAP3_11049.1_5	humap3.0	huMAP3_11049.1_5	9293	11040	X,X,X,X,X,X,X,X,X,X,X,X,X	HSPA4L,BAG2,BAG3,HSPA8,HSPA6,STIP1,HSPA1L,HSPA4,HSPA2,HSPH1,HSPBP1,BAG5,TUSC2
Active_MEK2_combined	TRUE	1.66548265576552e-05	26	589	12	0.0203735144312394	0.461538461538462	huMAP3_05064.1_1	humap3.0	huMAP3_05064.1_1	9293	5065	X,X,X,X,X,X,X,X,X,X,X,X	PSMD11,PSMD12,PSMD14,PSMD7,PSMC6,PSMD2,PSMD1,PSMD13,PSMC3,PSMC2,PSMC4,PSMC5
Active_MEK2_combined	TRUE	1.85775319508843e-05	42	589	15	0.0254668930390492	0.357142857142857	huMAP3_14723.1_6	humap3.0	huMAP3_14723.1_6	9293	14703	X,X,X,X,X,X,X,X,X,X,X,X,X,X,X	TOMM70,HSPA4L,BAG2,BAG3,HSPA8,HSPA6,STIP1,HSPA1L,HSPA4,HSPA2,HSPH1,HSPBP1,BAG5,TUSC2,CFAP298
Active_MEK2_combined	TRUE	0.00010462637507266	20	589	10	0.0169779286926995	0.5	huMAP3_06506.1_2	humap3.0	huMAP3_06506.1_2	9293	6506	X,X,X,X,X,X,X,X,X,X	HSPA4L,BAG3,HSPA8,HSPA6,HSPA1L,HSPA4,HSPA2,HSPBP1,BAG5,TUSC2
Active_MEK2_combined	TRUE	0.0140177620242301	59	589	14	0.0237691001697793	0.23728813559322	huMAP3_13725.1_6	humap3.0	huMAP3_13725.1_6	9293	13708	X,X,X,X,X,X,X,X,X,X,X,X,X,X	PSMD11,PSMD12,PSMD14,PSMD7,PSMC6,PSMD2,MIDN,PSMD1,PSMD13,PSMD9,PSMC3,PSMC2,PSMC4,PSMC5
Active_NRAS_combined	TRUE	7.20732135643486e-06	7	261	6	0.0229885057471264	0.857142857142857	huMAP3_09358.1_4	humap3.0	huMAP3_09358.1_4	9293	9354	X,X,X,X,X,X	PIK3CA,PIK3CD,PIK3R2,PIK3R1,IRS2,PIK3R3
Active_NRAS_combined	TRUE	7.20732135643486e-06	7	261	6	0.0229885057471264	0.857142857142857	huMAP3_12185.1_6	humap3.0	huMAP3_12185.1_6	9293	12172	X,X,X,X,X,X	PIK3CA,PIK3CD,PIK3R2,PIK3R1,IRS2,PIK3R3
Active_NRAS_combined	TRUE	2.81510593689202e-05	8	261	6	0.0229885057471264	0.75	huMAP3_11629.1_6	humap3.0	huMAP3_11629.1_6	9293	11618	X,X,X,X,X,X	PIK3CA,PIK3CD,PIK3R2,PIK3R1,IRS2,PIK3R3
Active_NRAS_combined	TRUE	0.000112303764213197	47	261	11	0.0421455938697318	0.234042553191489	huMAP3_10808.1_5	humap3.0	huMAP3_10808.1_5	9293	10799	X,X,X,X,X,X,X,X,X,X,X	BRAF,YWHAQ,YWHAB,YWHAG,YWHAE,YWHAZ,YWHAH,CRTC1,HDAC5,IRS2,HOMEZ
Active_NRAS_combined	TRUE	0.000224264856159938	6	261	5	0.0191570881226054	0.833333333333333	huMAP3_05061.1_1	humap3.0	huMAP3_05061.1_1	9293	5062	X,X,X,X,X	PIK3CA,PIK3CD,PIK3R2,PIK3R1,PIK3R3
Active_NRAS_combined	TRUE	0.000224264856159938	6	261	5	0.0191570881226054	0.833333333333333	huMAP3_08092.1_3	humap3.0	huMAP3_08092.1_3	9293	8091	X,X,X,X,X	PIK3CD,PIK3R2,PIK3R1,IRS2,PIK3R3
Active_NRAS_combined	TRUE	0.00104513236603332	83	261	13	0.0498084291187739	0.156626506024096	huMAP3_12897.1_6	humap3.0	huMAP3_12897.1_6	9293	12882	X,X,X,X,X,X,X,X,X,X,X,X,X	BRAF,YWHAQ,YWHAB,YWHAG,YWHAE,YWHAZ,YWHAH,CBARP,CRTC1,USP43,HDAC5,IRS2,HOMEZ
Active_NRAS_combined	TRUE	0.00110444918358953	27	261	8	0.0306513409961686	0.296296296296296	huMAP3_06971.1_2	humap3.0	huMAP3_06971.1_2	9293	6971	X,X,X,X,X,X,X,X	YWHAQ,YWHAB,YWHAG,YWHAE,YWHAZ,YWHAH,CRTC1,HDAC5
Active_NRAS_combined	TRUE	0.00199817141616832	8	261	5	0.0191570881226054	0.625	huMAP3_11913.1_6	humap3.0	huMAP3_11913.1_6	9293	11901	X,X,X,X,X	PIK3CA,PIK3CD,PIK3R2,PIK3R1,PIK3R3
Active_NRAS_combined	TRUE	0.00222874488443789	50	261	10	0.0383141762452107	0.2	huMAP3_09810.1_4	humap3.0	huMAP3_09810.1_4	9293	9805	X,X,X,X,X,X,X,X,X,X	BRAF,YWHAQ,YWHAB,YWHAG,YWHAE,YWHAZ,YWHAH,CRTC1,HDAC5,IRS2
Active_NRAS_combined	TRUE	0.00270615544946671	30	261	8	0.0306513409961686	0.266666666666667	huMAP3_07596.1_2	humap3.0	huMAP3_07596.1_2	9293	7596	X,X,X,X,X,X,X,X	BRAF,YWHAQ,YWHAB,YWHAG,YWHAE,YWHAZ,YWHAH,IRS2
Active_NRAS_combined	TRUE	0.0278683664345895	40	261	8	0.0306513409961686	0.2	huMAP3_07838.1_3	humap3.0	huMAP3_07838.1_3	9293	7837	X,X,X,X,X,X,X,X	BRAF,YWHAQ,YWHAB,YWHAG,YWHAE,CRTC1,HDAC5,IRS2
Active_RAF1_combined	TRUE	1.6382278040781e-07	21	520	12	0.0230769230769231	0.571428571428571	huMAP3_07938.1_3	humap3.0	huMAP3_07938.1_3	9293	7937	X,X,X,X,X,X,X,X,X,X,X,X	TCP1,CCT6A,CCT5,CCT3,CCT8,CCT4,CCT2,CCT6B,DCAF5,DNAAF10,CCT7,FBXW8
Active_RAF1_combined	TRUE	2.4298846144454e-07	47	520	17	0.0326923076923077	0.361702127659574	huMAP3_14584.1_6	humap3.0	huMAP3_14584.1_6	9293	14566	X,X,X,X,X,X,X,X,X,X,X,X,X,X,X,X,X	PPP6C,PFDN6,TCP1,CCT6A,CCT5,CCT3,CCT8,CCT4,FBXW4,CCT2,CCT6B,DCAF5,DNAAF10,CCT7,HGH1,PFDN2,FBXW8
Active_RAF1_combined	TRUE	3.42237439191359e-07	22	520	12	0.0230769230769231	0.545454545454545	huMAP3_06559.1_2	humap3.0	huMAP3_06559.1_2	9293	6559	X,X,X,X,X,X,X,X,X,X,X,X	TCP1,CCT6A,CCT5,CCT3,CCT8,CCT4,CCT2,CCT6B,DCAF5,DNAAF10,CCT7,FBXW8
Active_RAF1_combined	TRUE	8.34651379488985e-07	28	520	13	0.025	0.464285714285714	huMAP3_09191.1_4	humap3.0	huMAP3_09191.1_4	9293	9187	X,X,X,X,X,X,X,X,X,X,X,X,X	TCP1,CCT6A,CCT5,CCT3,CCT8,CCT4,CCT2,CCT6B,DCAF5,DNAAF10,CCT7,FBXW8,PEX13
Active_RAF1_combined	TRUE	1.43627455679624e-06	29	520	13	0.025	0.448275862068966	huMAP3_10656.1_5	humap3.0	huMAP3_10656.1_5	9293	10649	X,X,X,X,X,X,X,X,X,X,X,X,X	TCP1,CCT6A,CCT5,CCT3,CCT8,CCT4,CCT2,CCT6B,DCAF5,DNAAF10,CCT7,FBXW8,PEX13
Active_RAF1_combined	TRUE	9.7281680517033e-05	13	520	8	0.0153846153846154	0.615384615384615	huMAP3_09977.1_5	humap3.0	huMAP3_09977.1_5	9293	9972	X,X,X,X,X,X,X,X	GPAM,CLU,NMU,HSPA13,LMAN1,KCT2,TMEM59,ITM2B
Active_RAF1_combined	TRUE	0.000807326316471651	8	520	6	0.0115384615384615	0.75	huMAP3_11913.1_6	humap3.0	huMAP3_11913.1_6	9293	11901	X,X,X,X,X,X	IRS4,PIK3R1,PIK3CA,PIK3R3,NISCH,PIK3R2
Active_RAF1_combined	TRUE	0.000807326316471651	8	520	6	0.0115384615384615	0.75	huMAP3_01958.1_1	humap3.0	huMAP3_01958.1_1	9293	1959	X,X,X,X,X,X	PPP6C,ANKRD28,PPP6R3,PPP6R1,PPP6R2,ANKRD52
Active_RAF1_combined	TRUE	0.000807326316471651	8	520	6	0.0115384615384615	0.75	huMAP3_11629.1_6	humap3.0	huMAP3_11629.1_6	9293	11618	X,X,X,X,X,X	IRS4,PIK3R1,PIK3CA,PIK3R3,IRS2,PIK3R2
Active_RAF1_combined	TRUE	0.00215420613068535	23	520	9	0.0173076923076923	0.391304347826087	huMAP3_15260.1_6	humap3.0	huMAP3_15260.1_6	9293	15237	X,X,X,X,X,X,X,X,X	JUN,ETS2,FOSL1,JUNB,EGR1,TRIB1,FOS,EEF1D,FOSB
Active_RAF1_combined	TRUE	0.00230729936887876	9	520	6	0.0115384615384615	0.666666666666667	huMAP3_14031.1_6	humap3.0	huMAP3_14031.1_6	9293	14014	X,X,X,X,X,X	PPP6C,ANKRD28,PPP6R3,PPP6R1,PPP6R2,ANKRD52
Active_RAF1_combined	TRUE	0.00269341967745024	36	520	11	0.0211538461538462	0.305555555555556	huMAP3_09057.1_4	humap3.0	huMAP3_09057.1_4	9293	9054	X,X,X,X,X,X,X,X,X,X,X	PFDN6,URI1,POLR2L,DNAAF10,RPAP3,GPN2,GPN1,PDRG1,UXT,POLR1D,POLR2H
Active_RAF1_combined	TRUE	0.0036417452623836	37	520	11	0.0211538461538462	0.297297297297297	huMAP3_08487.1_3	humap3.0	huMAP3_08487.1_3	9293	8486	X,X,X,X,X,X,X,X,X,X,X	PFDN6,URI1,POLR2L,DNAAF10,RPAP3,GPN2,GPN1,PDRG1,UXT,POLR1D,POLR2H
Active_RAF1_combined	TRUE	0.00486983812700092	38	520	11	0.0211538461538462	0.289473684210526	huMAP3_06426.1_2	humap3.0	huMAP3_06426.1_2	9293	6426	X,X,X,X,X,X,X,X,X,X,X	PFDN6,URI1,POLR2L,DNAAF10,RPAP3,GPN2,GPN1,PDRG1,UXT,POLR1D,POLR2H
Active_RAF1_combined	TRUE	0.00549538836679163	10	520	6	0.0115384615384615	0.6	huMAP3_03810.1_1	humap3.0	huMAP3_03810.1_1	9293	3811	X,X,X,X,X,X	TCP1,CCT6A,CCT8,CCT4,CCT2,DNAAF10
Active_RAF1_combined	TRUE	0.00707989203385187	26	520	9	0.0173076923076923	0.346153846153846	huMAP3_05064.1_1	humap3.0	huMAP3_05064.1_1	9293	5065	X,X,X,X,X,X,X,X,X	PSMD11,PSMD12,PSMD14,PSMD7,PSMC6,PSMD2,PSMD1,PSMD13,PSMC5
Active_RAF1_combined	TRUE	0.0109485276210347	7	520	5	0.00961538461538462	0.714285714285714	huMAP3_09358.1_4	humap3.0	huMAP3_09358.1_4	9293	9354	X,X,X,X,X	PIK3R1,PIK3CA,PIK3R3,IRS2,PIK3R2
Active_RAF1_combined	TRUE	0.0109485276210347	7	520	5	0.00961538461538462	0.714285714285714	huMAP3_12185.1_6	humap3.0	huMAP3_12185.1_6	9293	12172	X,X,X,X,X	PIK3R1,PIK3CA,PIK3R3,IRS2,PIK3R2
Active_RAF1_combined	TRUE	0.0109485276210347	7	520	5	0.00961538461538462	0.714285714285714	huMAP3_06819.1_2	humap3.0	huMAP3_06819.1_2	9293	6819	X,X,X,X,X	PFDN6,FBXW4,DCAF5,PFDN2,WSB2
Active_RAF1_combined	TRUE	0.0181475955866273	59	520	13	0.025	0.220338983050847	huMAP3_13725.1_6	humap3.0	huMAP3_13725.1_6	9293	13708	X,X,X,X,X,X,X,X,X,X,X,X,X	PSMD11,PSMD12,PSMD14,PSMD7,PSMC6,PSMD2,MIDN,PSMD1,PSMD13,PSMB5,PSMB4,PSMC5,PSMA6
Active_RAF1_combined	TRUE	0.0219494359647916	12	520	6	0.0115384615384615	0.5	huMAP3_12079.1_6	humap3.0	huMAP3_12079.1_6	9293	12066	X,X,X,X,X,X	PPP6C,ANKRD28,PPP6R3,PPP6R1,PPP6R2,ANKRD52
Active_RAF1_combined	TRUE	0.0265044472811181	30	520	9	0.0173076923076923	0.3	huMAP3_07596.1_2	humap3.0	huMAP3_07596.1_2	9293	7596	X,X,X,X,X,X,X,X,X	YWHAQ,YWHAB,SFN,YWHAG,YWHAE,YWHAZ,YWHAH,DMTN,IRS2
Active_RAF1_combined	TRUE	0.0278505297953066	8	520	5	0.00961538461538462	0.625	huMAP3_01951.1_1	humap3.0	huMAP3_01951.1_1	9293	1952	X,X,X,X,X	CCT5,CCT3,DCAF5,CCT7,FBXW8
Active_RAF1_combined	TRUE	0.0424424679871022	55	520	12	0.0230769230769231	0.218181818181818	huMAP3_09656.1_4	humap3.0	huMAP3_09656.1_4	9293	9651	X,X,X,X,X,X,X,X,X,X,X,X	PSMD11,PSMD12,PSMD14,PSMD7,PSMC6,PSMD2,PSMD1,PSMD13,PSMB5,PSMB4,PSMC5,PSMA6
Inactive_ARAF_combined	TRUE	0.00178614486480138	15	225	6	0.0266666666666667	0.4	huMAP3_14882.1_6	humap3.0	huMAP3_14882.1_6	9293	14861	X,X,X,X,X,X	MZT1,TUBGCP3,TUBGCP6,TUBG1,LGALS3BP,TUBGCP2
Inactive_ARAF_combined	TRUE	0.00246068150409654	24	225	7	0.0311111111111111	0.291666666666667	huMAP3_13774.1_6	humap3.0	huMAP3_13774.1_6	9293	13757	X,X,X,X,X,X,X	TOMM70,BAG2,STIP1,DNAJC7,HSPBP1,BAG5,STUB1
Inactive_ARAF_combined	TRUE	0.00399598538018717	36	225	8	0.0355555555555556	0.222222222222222	huMAP3_09057.1_4	humap3.0	huMAP3_09057.1_4	9293	9054	X,X,X,X,X,X,X,X	PFDN6,URI1,DNAAF10,RPAP3,GPN2,GPN1,PDRG1,UXT
Inactive_ARAF_combined	TRUE	0.00499295416485372	37	225	8	0.0355555555555556	0.216216216216216	huMAP3_08487.1_3	humap3.0	huMAP3_08487.1_3	9293	8486	X,X,X,X,X,X,X,X	PFDN6,URI1,DNAAF10,RPAP3,GPN2,GPN1,PDRG1,UXT
Inactive_ARAF_combined	TRUE	0.0061937220676564	38	225	8	0.0355555555555556	0.210526315789474	huMAP3_06426.1_2	humap3.0	huMAP3_06426.1_2	9293	6426	X,X,X,X,X,X,X,X	PFDN6,URI1,DNAAF10,RPAP3,GPN2,GPN1,PDRG1,UXT
Inactive_ARAF_combined	TRUE	0.0198677468475474	13	225	5	0.0222222222222222	0.384615384615385	huMAP3_09443.1_4	humap3.0	huMAP3_09443.1_4	9293	9439	X,X,X,X,X	MZT1,TUBGCP3,TUBGCP6,TUBG1,TUBGCP2
Inactive_ARAF_combined	TRUE	0.0318386851780637	3	225	3	0.0133333333333333	1	huMAP3_05581.1_2	humap3.0	huMAP3_05581.1_2	9293	5582	X,X,X	CRTAP,P3H1,P3H2
Inactive_ARAF_combined	TRUE	0.0318386851780637	3	225	3	0.0133333333333333	1	huMAP3_08398.1_3	humap3.0	huMAP3_08398.1_3	9293	8397	X,X,X	CRTAP,P3H1,P3H2
Inactive_ARAF_combined	TRUE	0.0330098843307134	47	225	8	0.0355555555555556	0.170212765957447	huMAP3_14584.1_6	humap3.0	huMAP3_14584.1_6	9293	14566	X,X,X,X,X,X,X,X	PPP6C,PFDN6,CCT6A,CCT6B,DNAAF10,HGH1,PFDN2,TUBG1
Inactive_ARAF_combined	TRUE	0.0368047717691845	62	225	9	0.04	0.145161290322581	huMAP3_11092.1_5	humap3.0	huMAP3_11092.1_5	9293	11083	X,X,X,X,X,X,X,X,X	PFDN6,URI1,DNAAF10,RPAP3,GPN2,GPN1,PDRG1,UXT,ASB6
Inactive_ARAF_combined	TRUE	0.0400032942854907	24	225	6	0.0266666666666667	0.25	huMAP3_07919.1_3	humap3.0	huMAP3_07919.1_3	9293	7918	X,X,X,X,X,X	BAG2,STIP1,DNAJC7,HSPBP1,BAG5,STUB1
Inactive_ARAF_combined	TRUE	0.049322380627063	8	225	4	0.0177777777777778	0.5	huMAP3_11913.1_6	humap3.0	huMAP3_11913.1_6	9293	11901	X,X,X,X	IRS4,PIK3R1,PIK3R3,NISCH
Inactive_BRAF_combined	TRUE	2.49110843679852e-06	30	113	8	0.0707964601769911	0.266666666666667	huMAP3_07596.1_2	humap3.0	huMAP3_07596.1_2	9293	7596	X,X,X,X,X,X,X,X	BRAF,YWHAQ,YWHAB,SFN,YWHAG,YWHAE,YWHAZ,YWHAH
Inactive_BRAF_combined	TRUE	2.96190263254698e-05	4	113	4	0.0353982300884956	1	huMAP3_04917.1_1	humap3.0	huMAP3_04917.1_1	9293	4918	X,X,X,X	KRAS,ARAF,BRAF,KSR1
Inactive_BRAF_combined	TRUE	3.38321119210171e-05	27	113	7	0.0619469026548673	0.259259259259259	huMAP3_06971.1_2	humap3.0	huMAP3_06971.1_2	9293	6971	X,X,X,X,X,X,X	YWHAQ,YWHAB,SFN,YWHAG,YWHAE,YWHAZ,YWHAH
Inactive_BRAF_combined	TRUE	0.000112737427482342	47	113	8	0.0707964601769911	0.170212765957447	huMAP3_10808.1_5	humap3.0	huMAP3_10808.1_5	9293	10799	X,X,X,X,X,X,X,X	BRAF,YWHAQ,YWHAB,SFN,YWHAG,YWHAE,YWHAZ,YWHAH
Inactive_BRAF_combined	TRUE	0.000146704896351442	5	113	4	0.0353982300884956	0.8	huMAP3_07588.1_2	humap3.0	huMAP3_07588.1_2	9293	7588	X,X,X,X	KRAS,ARAF,BRAF,KSR1
Inactive_BRAF_combined	TRUE	0.000186740280518386	50	113	8	0.0707964601769911	0.16	huMAP3_09810.1_4	humap3.0	huMAP3_09810.1_4	9293	9805	X,X,X,X,X,X,X,X	BRAF,YWHAQ,YWHAB,SFN,YWHAG,YWHAE,YWHAZ,YWHAH
Inactive_BRAF_combined	TRUE	0.00250146140512377	3	113	3	0.0265486725663717	1	huMAP3_14744.1_6	humap3.0	huMAP3_14744.1_6	9293	14723	X,X,X	MAP2K1,KSR2,KSR1
Inactive_BRAF_combined	TRUE	0.00983698203632831	83	113	8	0.0707964601769911	0.0963855421686747	huMAP3_12897.1_6	humap3.0	huMAP3_12897.1_6	9293	12882	X,X,X,X,X,X,X,X	BRAF,YWHAQ,YWHAB,SFN,YWHAG,YWHAE,YWHAZ,YWHAH
Inactive_BRAF_combined	TRUE	0.0110769242513656	40	113	6	0.0530973451327434	0.15	huMAP3_07838.1_3	humap3.0	huMAP3_07838.1_3	9293	7837	X,X,X,X,X,X	BRAF,YWHAQ,YWHAB,SFN,YWHAG,YWHAE
Inactive_BRAF_combined	TRUE	0.013596965640303	12	113	4	0.0353982300884956	0.333333333333333	huMAP3_10591.1_5	humap3.0	huMAP3_10591.1_5	9293	10584	X,X,X,X	HSP90AA1,HSP90AB1,FKBP5,CDC37
Inactive_BRAF_combined	TRUE	0.0245724140092696	5	113	3	0.0265486725663717	0.6	huMAP3_08325.1_3	humap3.0	huMAP3_08325.1_3	9293	8324	X,X,X	RPA2,RPA1,RPA3
Inactive_BRAF_combined	TRUE	0.036451490973199	15	113	4	0.0353982300884956	0.266666666666667	huMAP3_14477.1_6	humap3.0	huMAP3_14477.1_6	9293	14459	X,X,X,X	HSP90AA1,HSP90AB1,FKBP5,CDC37
Inactive_BRAF_combined	TRUE	0.0487088436214963	6	113	3	0.0265486725663717	0.5	huMAP3_07481.1_2	humap3.0	huMAP3_07481.1_2	9293	7481	X,X,X	RPA2,RPA1,RPA3
Inactive_ERK1_combined	TRUE	1.05641705863331e-07	6	69	5	0.072463768115942	0.833333333333333	huMAP3_09817.1_4	humap3.0	huMAP3_09817.1_4	9293	9812	X,X,X,X,X	MAPK3,MAPK1,RPS6KA3,RPS6KA2,RPS6KA1
Inactive_ERK1_combined	TRUE	9.74699548318143e-07	8	69	5	0.072463768115942	0.625	huMAP3_14916.1_6	humap3.0	huMAP3_14916.1_6	9293	14894	X,X,X,X,X	MAPK3,MAPK1,RPS6KA3,RPS6KA2,RPS6KA1
Inactive_ERK1_combined	TRUE	9.74699548318143e-07	8	69	5	0.072463768115942	0.625	huMAP3_13479.1_6	humap3.0	huMAP3_13479.1_6	9293	13463	X,X,X,X,X	MAPK3,MAPK1,RPS6KA3,RPS6KA2,RPS6KA1
Inactive_ERK1_combined	TRUE	1.25826677561271e-05	5	69	4	0.0579710144927536	0.8	huMAP3_11291.1_6	humap3.0	huMAP3_11291.1_6	9293	11281	X,X,X,X	MAPK1,RPS6KA3,RPS6KA2,RPS6KA1
Inactive_ERK1_combined	TRUE	0.000356215261844857	3	69	3	0.0434782608695652	1	huMAP3_08875.1_3	humap3.0	huMAP3_08875.1_3	9293	8873	X,X,X	RPS6KA3,RPS6KA2,RPS6KA1
Inactive_ERK1_combined	TRUE	0.00119771024496689	12	69	4	0.0579710144927536	0.333333333333333	huMAP3_10591.1_5	humap3.0	huMAP3_10591.1_5	9293	10584	X,X,X,X	HSP90AA1,HSP90AB1,FKBP5,CDC37
Inactive_ERK1_combined	TRUE	0.00141726894599673	4	69	3	0.0434782608695652	0.75	huMAP3_08949.1_3	humap3.0	huMAP3_08949.1_3	9293	8947	X,X,X	MAPK3,MAPK1,RPS6KA2
Inactive_ERK1_combined	TRUE	0.00141726894599673	4	69	3	0.0434782608695652	0.75	huMAP3_13355.1_6	humap3.0	huMAP3_13355.1_6	9293	13340	X,X,X	MAPK3,MAPK1,RPS6KA3
Inactive_ERK1_combined	TRUE	0.00324769194954875	15	69	4	0.0579710144927536	0.266666666666667	huMAP3_14477.1_6	humap3.0	huMAP3_14477.1_6	9293	14459	X,X,X,X	HSP90AA1,HSP90AB1,FKBP5,CDC37
Inactive_ERK1_combined	TRUE	0.00559952720528476	17	69	4	0.0579710144927536	0.235294117647059	huMAP3_13837.1_6	humap3.0	huMAP3_13837.1_6	9293	13820	X,X,X,X	HSP90AA1,HSP90AB1,FKBP5,CDC37
Inactive_ERK1_combined	TRUE	0.0493969551910533	2	69	2	0.0289855072463768	1	huMAP3_04858.1_1	humap3.0	huMAP3_04858.1_1	9293	4859	X,X	MAPK3,MAPK1
Inactive_ERK1_combined	TRUE	0.0493969551910533	2	69	2	0.0289855072463768	1	huMAP3_03542.1_1	humap3.0	huMAP3_03542.1_1	9293	3543	X,X	RPS6KA3,RPS6KA1
Inactive_ERK1_combined	TRUE	0.0493969551910533	2	69	2	0.0289855072463768	1	huMAP3_04437.1_1	humap3.0	huMAP3_04437.1_1	9293	4438	X,X	DUSP7,DUSP9
Inactive_ERK1_combined	TRUE	0.0493969551910533	2	69	2	0.0289855072463768	1	huMAP3_08260.1_3	humap3.0	huMAP3_08260.1_3	9293	8259	X,X	SDC1,SDC2
Inactive_ERK2_combined	TRUE	6.25934867745025e-06	6	139	5	0.0359712230215827	0.833333333333333	huMAP3_09385.1_4	humap3.0	huMAP3_09385.1_4	9293	9381	X,X,X,X,X	LIMS1,ILK,RSU1,PARVB,PARVA
Inactive_ERK2_combined	TRUE	2.16443981508752e-05	7	139	5	0.0359712230215827	0.714285714285714	huMAP3_11194.1_6	humap3.0	huMAP3_11194.1_6	9293	11184	X,X,X,X,X	LIMS1,ILK,RSU1,PARVB,PARVA
Inactive_ERK2_combined	TRUE	0.000359051828824852	5	139	4	0.0287769784172662	0.8	huMAP3_04827.1_1	humap3.0	huMAP3_04827.1_1	9293	4828	X,X,X,X	LIMS1,ILK,RSU1,PARVB
Inactive_ERK2_combined	TRUE	0.000359051828824852	5	139	4	0.0287769784172662	0.8	huMAP3_06647.1_2	humap3.0	huMAP3_06647.1_2	9293	6647	X,X,X,X	LIMS1,ILK,RSU1,PARVB
Inactive_ERK2_combined	TRUE	0.000359051828824852	5	139	4	0.0287769784172662	0.8	huMAP3_11291.1_6	humap3.0	huMAP3_11291.1_6	9293	11281	X,X,X,X	MAPK1,RPS6KA3,RPS6KA2,RPS6KA1
Inactive_ERK2_combined	TRUE	0.00106463678911965	6	139	4	0.0287769784172662	0.666666666666667	huMAP3_06585.1_2	humap3.0	huMAP3_06585.1_2	9293	6585	X,X,X,X	DUSP9,MKNK1,MKNK2,DUSP16
Inactive_ERK2_combined	TRUE	0.00106463678911965	6	139	4	0.0287769784172662	0.666666666666667	huMAP3_07439.1_2	humap3.0	huMAP3_07439.1_2	9293	7439	X,X,X,X	DUSP9,MKNK1,MKNK2,DUSP16
Inactive_ERK2_combined	TRUE	0.00106463678911965	6	139	4	0.0287769784172662	0.666666666666667	huMAP3_09817.1_4	humap3.0	huMAP3_09817.1_4	9293	9812	X,X,X,X	MAPK1,RPS6KA3,RPS6KA2,RPS6KA1
Inactive_ERK2_combined	TRUE	0.0048535618001912	8	139	4	0.0287769784172662	0.5	huMAP3_13479.1_6	humap3.0	huMAP3_13479.1_6	9293	13463	X,X,X,X	MAPK1,RPS6KA3,RPS6KA2,RPS6KA1
Inactive_ERK2_combined	TRUE	0.0048535618001912	8	139	4	0.0287769784172662	0.5	huMAP3_14916.1_6	humap3.0	huMAP3_14916.1_6	9293	14894	X,X,X,X	MAPK1,RPS6KA3,RPS6KA2,RPS6KA1
Inactive_ERK2_combined	TRUE	0.00496298451222683	3	139	3	0.0215827338129496	1	huMAP3_08875.1_3	humap3.0	huMAP3_08875.1_3	9293	8873	X,X,X	RPS6KA3,RPS6KA2,RPS6KA1
Inactive_ERK2_combined	TRUE	0.00496298451222683	3	139	3	0.0215827338129496	1	huMAP3_06334.1_2	humap3.0	huMAP3_06334.1_2	9293	6334	X,X,X	TRERF1,MIDEAS,DNTTIP1
Inactive_ERK2_combined	TRUE	0.0196339727441723	4	139	3	0.0215827338129496	0.75	huMAP3_03995.1_1	humap3.0	huMAP3_03995.1_1	9293	3996	X,X,X	MKNK1,MKNK2,DUSP16
Inactive_ERK2_combined	TRUE	0.0196339727441723	4	139	3	0.0215827338129496	0.75	huMAP3_05396.1_1	humap3.0	huMAP3_05396.1_1	9293	5397	X,X,X	TRERF1,MIDEAS,DNTTIP1
Inactive_ERK2_combined	TRUE	0.0220938026717923	11	139	4	0.0287769784172662	0.363636363636364	huMAP3_14776.1_6	humap3.0	huMAP3_14776.1_6	9293	14755	X,X,X,X	DUSP7,DUSP9,MKNK1,MKNK2
Inactive_ERK2_combined	TRUE	0.0327564809006171	12	139	4	0.0287769784172662	0.333333333333333	huMAP3_00469.1_1	humap3.0	huMAP3_00469.1_1	9293	470	X,X,X,X	PBDC1,EEF1B2,EEF1G,EEF1D
Inactive_ERK2_combined	TRUE	0.0485463541171935	5	139	3	0.0215827338129496	0.6	huMAP3_01628.1_1	humap3.0	huMAP3_01628.1_1	9293	1629	X,X,X	MKNK1,MKNK2,DUSP16
Inactive_ERK2_combined	TRUE	0.0485463541171935	5	139	3	0.0215827338129496	0.6	huMAP3_08325.1_3	humap3.0	huMAP3_08325.1_3	9293	8324	X,X,X	RPA2,RPA1,RPA3
Inactive_ERK2_combined	TRUE	0.0485463541171935	5	139	3	0.0215827338129496	0.6	huMAP3_10997.1_5	humap3.0	huMAP3_10997.1_5	9293	10988	X,X,X	MKNK1,MKNK2,DUSP16
Inactive_ERK2_combined	TRUE	0.0485463541171935	5	139	3	0.0215827338129496	0.6	huMAP3_07709.1_3	humap3.0	huMAP3_07709.1_3	9293	7708	X,X,X	TRERF1,MIDEAS,DNTTIP1
Inactive_KRAS_combined	TRUE	2.05892297173019e-09	12	148	8	0.0540540540540541	0.666666666666667	huMAP3_05041.1_1	humap3.0	huMAP3_05041.1_1	9293	5042	X,X,X,X,X,X,X,X	COPS2,COPS6,COPS5,COPS8,COPS4,COPS7B,COPS7A,COPS3
Inactive_KRAS_combined	TRUE	4.7398051630209e-08	32	148	10	0.0675675675675676	0.3125	huMAP3_08550.1_3	humap3.0	huMAP3_08550.1_3	9293	8549	X,X,X,X,X,X,X,X,X,X	COPS2,GPS1,COPS6,COPS5,COPS8,COPS4,COPS7B,DCAF16,COPS7A,COPS3
Inactive_KRAS_combined	TRUE	5.15667264780305e-07	8	148	6	0.0405405405405405	0.75	huMAP3_05816.1_2	humap3.0	huMAP3_05816.1_2	9293	5817	X,X,X,X,X,X	COPS2,COPS6,COPS8,COPS7B,COPS7A,COPS3
Inactive_KRAS_combined	TRUE	7.28795014532685e-07	41	148	10	0.0675675675675676	0.24390243902439	huMAP3_09779.1_4	humap3.0	huMAP3_09779.1_4	9293	9774	X,X,X,X,X,X,X,X,X,X	COPS2,GPS1,COPS6,COPS5,COPS8,COPS4,COPS7B,DCAF16,COPS7A,COPS3
Inactive_KRAS_combined	TRUE	9.43624139906299e-07	42	148	10	0.0675675675675676	0.238095238095238	huMAP3_14528.1_6	humap3.0	huMAP3_14528.1_6	9293	14510	X,X,X,X,X,X,X,X,X,X	COPS2,GPS1,COPS6,COPS5,COPS8,COPS4,COPS7B,DCAF16,COPS7A,COPS3
Inactive_KRAS_combined	TRUE	0.000147547237225541	26	148	7	0.0472972972972973	0.269230769230769	huMAP3_05064.1_1	humap3.0	huMAP3_05064.1_1	9293	5065	X,X,X,X,X,X,X	PSMD11,PSMD12,PSMD7,PSMD4,PSMD2,PSMD1,PSMD13
Inactive_KRAS_combined	TRUE	0.0048985885038009	59	148	8	0.0540540540540541	0.135593220338983	huMAP3_13725.1_6	humap3.0	huMAP3_13725.1_6	9293	13708	X,X,X,X,X,X,X,X	PSMD11,PSMD12,TXNL1,PSMD7,PSMD4,PSMD2,PSMD1,PSMD13
Inactive_KRAS_combined	TRUE	0.0200657684026904	4	148	3	0.0202702702702703	0.75	huMAP3_12112.1_6	humap3.0	huMAP3_12112.1_6	9293	12099	X,X,X	UBXN7,CDC34,UBE2R2
Inactive_KRAS_combined	TRUE	0.0309345303166471	55	148	7	0.0472972972972973	0.127272727272727	huMAP3_09656.1_4	humap3.0	huMAP3_09656.1_4	9293	9651	X,X,X,X,X,X,X	PSMD11,PSMD12,PSMD7,PSMD4,PSMD2,PSMD1,PSMD13
Inactive_KRAS_combined	TRUE	0.0399711568989228	39	148	6	0.0405405405405405	0.153846153846154	huMAP3_09165.1_4	humap3.0	huMAP3_09165.1_4	9293	9162	X,X,X,X,X,X	RAP1B,YES1,LYN,CD59,S100A10,RRAS2
Inactive_KRAS_combined	TRUE	0.049577602824984	5	148	3	0.0202702702702703	0.6	huMAP3_04044.1_1	humap3.0	huMAP3_04044.1_1	9293	4045	X,X,X	UBXN7,CDC34,UBE2R2
Inactive_MEK2_combined	TRUE	7.3391931967313e-06	24	161	8	0.0496894409937888	0.333333333333333	huMAP3_07919.1_3	humap3.0	huMAP3_07919.1_3	9293	7918	X,X,X,X,X,X,X,X	HSPA4L,HSPA8,HSPA6,HSPA1L,HSPA4,HSPA2,HSPH1,HSPBP1
Inactive_MEK2_combined	TRUE	1.51371296692655e-05	26	161	8	0.0496894409937888	0.307692307692308	huMAP3_11049.1_5	humap3.0	huMAP3_11049.1_5	9293	11040	X,X,X,X,X,X,X,X	HSPA4L,HSPA8,HSPA6,HSPA1L,HSPA4,HSPA2,HSPH1,HSPBP1
Inactive_MEK2_combined	TRUE	4.88437419904118e-05	20	161	7	0.0434782608695652	0.35	huMAP3_06506.1_2	humap3.0	huMAP3_06506.1_2	9293	6506	X,X,X,X,X,X,X	HSPA4L,HSPA8,HSPA6,HSPA1L,HSPA4,HSPA2,HSPBP1
Inactive_MEK2_combined	TRUE	0.000205713014034951	24	161	7	0.0434782608695652	0.291666666666667	huMAP3_13774.1_6	humap3.0	huMAP3_13774.1_6	9293	13757	X,X,X,X,X,X,X	HSPA4L,HSPA6,HSPA1L,HSPA4,HSPA2,HSPH1,HSPBP1
Inactive_MEK2_combined	TRUE	0.000903647332560538	42	161	8	0.0496894409937888	0.19047619047619	huMAP3_14723.1_6	humap3.0	huMAP3_14723.1_6	9293	14703	X,X,X,X,X,X,X,X	HSPA4L,HSPA8,HSPA6,HSPA1L,HSPA4,HSPA2,HSPH1,HSPBP1
Inactive_MEK2_combined	TRUE	0.00110868715136218	30	161	7	0.0434782608695652	0.233333333333333	huMAP3_07596.1_2	humap3.0	huMAP3_07596.1_2	9293	7596	X,X,X,X,X,X,X	BRAF,YWHAQ,YWHAB,YWHAG,YWHAE,YWHAZ,YWHAH
Inactive_MEK2_combined	TRUE	0.00365432649734171	50	161	8	0.0496894409937888	0.16	huMAP3_09810.1_4	humap3.0	huMAP3_09810.1_4	9293	9805	X,X,X,X,X,X,X,X	BRAF,YWHAQ,YWHAB,YWHAG,YWHAE,YWHAZ,YWHAH,ERRFI1
Inactive_MEK2_combined	TRUE	0.0054025985968914	7	161	4	0.0248447204968944	0.571428571428571	huMAP3_04877.1_1	humap3.0	huMAP3_04877.1_1	9293	4878	X,X,X,X	HSPA4L,HSPA8,HSPA6,HSPBP1
Inactive_MEK2_combined	TRUE	0.00945413119753432	3	161	3	0.0186335403726708	1	huMAP3_14744.1_6	humap3.0	huMAP3_14744.1_6	9293	14723	X,X,X	MAP2K1,KSR2,KSR1
Inactive_MEK2_combined	TRUE	0.00999018034813024	27	161	6	0.0372670807453416	0.222222222222222	huMAP3_06971.1_2	humap3.0	huMAP3_06971.1_2	9293	6971	X,X,X,X,X,X	YWHAQ,YWHAB,YWHAG,YWHAE,YWHAZ,YWHAH
Inactive_MEK2_combined	TRUE	0.0170224681030269	44	161	7	0.0434782608695652	0.159090909090909	huMAP3_12900.1_6	humap3.0	huMAP3_12900.1_6	9293	12885	X,X,X,X,X,X,X	PDGFD,CAPZA1,DCTN2,WASHC2A,ARHGAP17,CARMIL2,CD2AP
Inactive_MEK2_combined	TRUE	0.0228708303033999	83	161	9	0.0559006211180124	0.108433734939759	huMAP3_12897.1_6	humap3.0	huMAP3_12897.1_6	9293	12882	X,X,X,X,X,X,X,X,X	BRAF,YWHAQ,YWHAB,YWHAG,YWHAE,YWHAZ,YWHAH,WWTR1,ERRFI1
Inactive_MEK2_combined	TRUE	0.0267453444344474	47	161	7	0.0434782608695652	0.148936170212766	huMAP3_10808.1_5	humap3.0	huMAP3_10808.1_5	9293	10799	X,X,X,X,X,X,X	BRAF,YWHAQ,YWHAB,YWHAG,YWHAE,YWHAZ,YWHAH
Inactive_MEK2_combined	TRUE	0.0373341503888853	4	161	3	0.0186335403726708	0.75	huMAP3_04917.1_1	humap3.0	huMAP3_04917.1_1	9293	4918	X,X,X	ARAF,BRAF,KSR1
Inactive_NRAS_combined	TRUE	0.000643214053444807	23	73	5	0.0684931506849315	0.217391304347826	huMAP3_13917.1_6	humap3.0	huMAP3_13917.1_6	9293	13900	X,X,X,X,X	SDC1,HADHA,HADHB,CD44,GPC6
Inactive_NRAS_combined	TRUE	0.00194685295107267	13	73	4	0.0547945205479452	0.307692307692308	huMAP3_11136.1_5	humap3.0	huMAP3_11136.1_5	9293	11126	X,X,X,X	SDC1,HADHA,HADHB,CD44
Inactive_NRAS_combined	TRUE	0.00376967990135284	5	73	3	0.0410958904109589	0.6	huMAP3_08325.1_3	humap3.0	huMAP3_08325.1_3	9293	8324	X,X,X	RPA2,RPA1,RPA3
Inactive_NRAS_combined	TRUE	0.00749677807514063	6	73	3	0.0410958904109589	0.5	huMAP3_07481.1_2	humap3.0	huMAP3_07481.1_2	9293	7481	X,X,X	RPA2,RPA1,RPA3
Inactive_NRAS_combined	TRUE	0.0126542583415698	20	73	4	0.0547945205479452	0.2	huMAP3_10578.1_5	humap3.0	huMAP3_10578.1_5	9293	10571	X,X,X,X	RPA2,RPA1,RPA3,APTX
Inactive_NRAS_combined	TRUE	0.0130452862911095	7	73	3	0.0410958904109589	0.428571428571429	huMAP3_08422.1_3	humap3.0	huMAP3_08422.1_3	9293	8421	X,X,X	RPA2,RPA1,RPA3
Inactive_NRAS_combined	TRUE	0.0207546414931035	8	73	3	0.0410958904109589	0.375	huMAP3_09432.1_4	humap3.0	huMAP3_09432.1_4	9293	9428	X,X,X	RPA2,RPA1,RPA3
Inactive_RAF1_combined	TRUE	2.50773419159434e-05	8	252	6	0.0238095238095238	0.75	huMAP3_11913.1_6	humap3.0	huMAP3_11913.1_6	9293	11901	X,X,X,X,X,X	PIK3R2,IRS4,PIK3R1,PIK3CA,PIK3R3,NISCH
Inactive_RAF1_combined	TRUE	0.000962720072488418	47	252	10	0.0396825396825397	0.212765957446809	huMAP3_14584.1_6	humap3.0	huMAP3_14584.1_6	9293	14566	X,X,X,X,X,X,X,X,X,X	PFDN6,TCP1,CCT6A,CCT8,CCT2,CCT6B,DNAAF10,CCT7,HGH1,PFDN2
Inactive_RAF1_combined	TRUE	0.00184628728958205	8	252	5	0.0198412698412698	0.625	huMAP3_11629.1_6	humap3.0	huMAP3_11629.1_6	9293	11618	X,X,X,X,X	PIK3R2,IRS4,PIK3R1,PIK3CA,PIK3R3
Inactive_RAF1_combined	TRUE	0.00208396204622866	21	252	7	0.0277777777777778	0.333333333333333	huMAP3_07938.1_3	humap3.0	huMAP3_07938.1_3	9293	7937	X,X,X,X,X,X,X	TCP1,CCT6A,CCT8,CCT2,CCT6B,DNAAF10,CCT7
Inactive_RAF1_combined	TRUE	0.00298620371011872	22	252	7	0.0277777777777778	0.318181818181818	huMAP3_06559.1_2	humap3.0	huMAP3_06559.1_2	9293	6559	X,X,X,X,X,X,X	TCP1,CCT6A,CCT8,CCT2,CCT6B,DNAAF10,CCT7
Inactive_RAF1_combined	TRUE	0.00419400176104349	23	252	7	0.0277777777777778	0.304347826086957	huMAP3_06994.1_2	humap3.0	huMAP3_06994.1_2	9293	6994	X,X,X,X,X,X,X	GDI2,RAB7A,RAB14,RAB1A,RAB31,RAB32,RAB1B
Inactive_RAF1_combined	TRUE	0.00794483501747127	10	252	5	0.0198412698412698	0.5	huMAP3_03810.1_1	humap3.0	huMAP3_03810.1_1	9293	3811	X,X,X,X,X	TCP1,CCT6A,CCT8,CCT2,DNAAF10
Inactive_RAF1_combined	TRUE	0.0104954499554175	26	252	7	0.0277777777777778	0.269230769230769	huMAP3_08941.1_3	humap3.0	huMAP3_08941.1_3	9293	8939	X,X,X,X,X,X,X	GDI2,RAB7A,RAB14,RAB1A,RAB31,RAB32,RAB1B
Inactive_RAF1_combined	TRUE	0.0127749228271834	37	252	8	0.0317460317460317	0.216216216216216	huMAP3_11094.1_5	humap3.0	huMAP3_11094.1_5	9293	11085	X,X,X,X,X,X,X,X	GDI2,RAB7A,RAB14,RAB1A,RAB31,RAB32,RABGGTA,RAB1B
Inactive_RAF1_combined	TRUE	0.0138435930330587	27	252	7	0.0277777777777778	0.259259259259259	huMAP3_09217.1_4	humap3.0	huMAP3_09217.1_4	9293	9213	X,X,X,X,X,X,X	GDI2,RAB7A,RAB14,RAB1A,RAB31,RAB32,RAB1B
Inactive_RAF1_combined	TRUE	0.0180345274527593	28	252	7	0.0277777777777778	0.25	huMAP3_09191.1_4	humap3.0	huMAP3_09191.1_4	9293	9187	X,X,X,X,X,X,X	TCP1,CCT6A,CCT8,CCT2,CCT6B,DNAAF10,CCT7
Inactive_RAF1_combined	TRUE	0.0189738961076026	6	252	4	0.0158730158730159	0.666666666666667	huMAP3_05061.1_1	humap3.0	huMAP3_05061.1_1	9293	5062	X,X,X,X	PIK3R2,PIK3R1,PIK3CA,PIK3R3
Inactive_RAF1_combined	TRUE	0.0232273960051783	29	252	7	0.0277777777777778	0.241379310344828	huMAP3_10656.1_5	humap3.0	huMAP3_10656.1_5	9293	10649	X,X,X,X,X,X,X	TCP1,CCT6A,CCT8,CCT2,CCT6B,DNAAF10,CCT7
Inactive_RAF1_combined	TRUE	0.0379458753105142	13	252	5	0.0198412698412698	0.384615384615385	huMAP3_07302.1_2	humap3.0	huMAP3_07302.1_2	9293	7302	X,X,X,X,X	RAB7A,RAB14,RAB1A,RAB31,RAB1B
Inactive_RAF1_combined	TRUE	0.0433283828213519	7	252	4	0.0158730158730159	0.571428571428571	huMAP3_12185.1_6	humap3.0	huMAP3_12185.1_6	9293	12172	X,X,X,X	PIK3R2,PIK3R1,PIK3CA,PIK3R3
Inactive_RAF1_combined	TRUE	0.0433283828213519	7	252	4	0.0158730158730159	0.571428571428571	huMAP3_09358.1_4	humap3.0	huMAP3_09358.1_4	9293	9354	X,X,X,X	PIK3R2,PIK3R1,PIK3CA,PIK3R3
Inactive_RAF1_combined	TRUE	0.049275005480176	3	252	3	0.0119047619047619	1	huMAP3_06267.1_2	humap3.0	huMAP3_06267.1_2	9293	6267	X,X,X	CUL7,TP53,CUL9
WT_ARAF_combined	TRUE	1.26778285794142e-05	36	295	11	0.0372881355932203	0.305555555555556	huMAP3_09057.1_4	humap3.0	huMAP3_09057.1_4	9293	9054	X,X,X,X,X,X,X,X,X,X,X	PFDN6,URI1,POLR2L,DNAAF10,RPAP1,RPAP3,GPN2,GPN1,PDRG1,UXT,POLR1D
WT_ARAF_combined	TRUE	1.75369442742683e-05	37	295	11	0.0372881355932203	0.297297297297297	huMAP3_08487.1_3	humap3.0	huMAP3_08487.1_3	9293	8486	X,X,X,X,X,X,X,X,X,X,X	PFDN6,URI1,POLR2L,DNAAF10,RPAP1,RPAP3,GPN2,GPN1,PDRG1,UXT,POLR1D
WT_ARAF_combined	TRUE	2.39914221805973e-05	38	295	11	0.0372881355932203	0.289473684210526	huMAP3_06426.1_2	humap3.0	huMAP3_06426.1_2	9293	6426	X,X,X,X,X,X,X,X,X,X,X	PFDN6,URI1,POLR2L,DNAAF10,RPAP1,RPAP3,GPN2,GPN1,PDRG1,UXT,POLR1D
WT_ARAF_combined	TRUE	2.53028540397621e-05	47	295	12	0.0406779661016949	0.25531914893617	huMAP3_14584.1_6	humap3.0	huMAP3_14584.1_6	9293	14566	X,X,X,X,X,X,X,X,X,X,X,X	PPP6C,PFDN6,TCP1,CCT6A,CCT3,CCT8,CCT2,CCT6B,DNAAF10,CCT7,HGH1,PFDN2
WT_ARAF_combined	TRUE	4.0362438421757e-05	8	295	6	0.0203389830508475	0.75	huMAP3_01958.1_1	humap3.0	huMAP3_01958.1_1	9293	1959	X,X,X,X,X,X	PPP6C,ANKRD28,PPP6R2,PPP6R3,ANKRD52,PPP6R1
WT_ARAF_combined	TRUE	8.20154103702262e-05	62	295	13	0.0440677966101695	0.209677419354839	huMAP3_11092.1_5	humap3.0	huMAP3_11092.1_5	9293	11083	X,X,X,X,X,X,X,X,X,X,X,X,X	PFDN6,URI1,POLR2L,RPAP2,DNAAF10,RPAP1,RPAP3,GPN2,GPN1,PDRG1,UXT,POLR1D,ASB6
WT_ARAF_combined	TRUE	0.000117860617670484	9	295	6	0.0203389830508475	0.666666666666667	huMAP3_14031.1_6	humap3.0	huMAP3_14031.1_6	9293	14014	X,X,X,X,X,X	PPP6C,ANKRD28,PPP6R2,PPP6R3,ANKRD52,PPP6R1
WT_ARAF_combined	TRUE	0.00016920307663954	55	295	12	0.0406779661016949	0.218181818181818	huMAP3_14318.1_6	humap3.0	huMAP3_14318.1_6	9293	14300	X,X,X,X,X,X,X,X,X,X,X,X	URI1,POLR2L,RPAP2,DNAAF10,RPAP1,RPAP3,GPN2,GPN1,PDRG1,UXT,POLR1D,ASB6
WT_ARAF_combined	TRUE	0.000208153564924806	21	295	8	0.0271186440677966	0.380952380952381	huMAP3_07938.1_3	humap3.0	huMAP3_07938.1_3	9293	7937	X,X,X,X,X,X,X,X	TCP1,CCT6A,CCT3,CCT8,CCT2,CCT6B,DNAAF10,CCT7
WT_ARAF_combined	TRUE	0.000318142453131988	22	295	8	0.0271186440677966	0.363636363636364	huMAP3_06559.1_2	humap3.0	huMAP3_06559.1_2	9293	6559	X,X,X,X,X,X,X,X	TCP1,CCT6A,CCT3,CCT8,CCT2,CCT6B,DNAAF10,CCT7
WT_ARAF_combined	TRUE	0.000692223034763435	24	295	8	0.0271186440677966	0.333333333333333	huMAP3_13774.1_6	humap3.0	huMAP3_13774.1_6	9293	13757	X,X,X,X,X,X,X,X	TOMM70,BAG2,HSPA6,STIP1,DNAJC7,HSPBP1,BAG5,STUB1
WT_ARAF_combined	TRUE	0.000692223034763435	24	295	8	0.0271186440677966	0.333333333333333	huMAP3_07919.1_3	humap3.0	huMAP3_07919.1_3	9293	7918	X,X,X,X,X,X,X,X	BAG2,HSPA8,HSPA6,STIP1,DNAJC7,HSPBP1,BAG5,STUB1
WT_ARAF_combined	TRUE	0.00119565603023938	12	295	6	0.0203389830508475	0.5	huMAP3_12079.1_6	humap3.0	huMAP3_12079.1_6	9293	12066	X,X,X,X,X,X	PPP6C,ANKRD28,PPP6R2,PPP6R3,ANKRD52,PPP6R1
WT_ARAF_combined	TRUE	0.0013910684206035	26	295	8	0.0271186440677966	0.307692307692308	huMAP3_11049.1_5	humap3.0	huMAP3_11049.1_5	9293	11040	X,X,X,X,X,X,X,X	BAG2,HSPA8,HSPA6,STIP1,DNAJC7,HSPBP1,BAG5,STUB1
WT_ARAF_combined	TRUE	0.00252164034988534	8	295	5	0.0169491525423729	0.625	huMAP3_11629.1_6	humap3.0	huMAP3_11629.1_6	9293	11618	X,X,X,X,X	PIK3R2,IRS4,PIK3R1,PIK3R3,IRS2
WT_ARAF_combined	TRUE	0.00252164034988534	8	295	5	0.0169491525423729	0.625	huMAP3_11913.1_6	humap3.0	huMAP3_11913.1_6	9293	11901	X,X,X,X,X	PIK3R2,IRS4,PIK3R1,PIK3R3,NISCH
WT_ARAF_combined	TRUE	0.00261825125534364	28	295	8	0.0271186440677966	0.285714285714286	huMAP3_09191.1_4	humap3.0	huMAP3_09191.1_4	9293	9187	X,X,X,X,X,X,X,X	TCP1,CCT6A,CCT3,CCT8,CCT2,CCT6B,DNAAF10,CCT7
WT_ARAF_combined	TRUE	0.00351688114055316	29	295	8	0.0271186440677966	0.275862068965517	huMAP3_10656.1_5	humap3.0	huMAP3_10656.1_5	9293	10649	X,X,X,X,X,X,X,X	TCP1,CCT6A,CCT3,CCT8,CCT2,CCT6B,DNAAF10,CCT7
WT_ARAF_combined	TRUE	0.00466474095913853	30	295	8	0.0271186440677966	0.266666666666667	huMAP3_07596.1_2	humap3.0	huMAP3_07596.1_2	9293	7596	X,X,X,X,X,X,X,X	YWHAQ,MARK3,YWHAB,YWHAG,YWHAE,YWHAZ,YWHAH,IRS2
WT_ARAF_combined	TRUE	0.0055263650151539	9	295	5	0.0169491525423729	0.555555555555556	huMAP3_01849.1_1	humap3.0	huMAP3_01849.1_1	9293	1850	X,X,X,X,X	PRKACA,PRKACB,PRKAR1B,CDK5RAP2,AKAP11
WT_ARAF_combined	TRUE	0.0080277027066977	42	295	9	0.0305084745762712	0.214285714285714	huMAP3_14723.1_6	humap3.0	huMAP3_14723.1_6	9293	14703	X,X,X,X,X,X,X,X,X	TOMM70,BAG2,HSPA8,HSPA6,STIP1,DNAJC7,HSPBP1,BAG5,STUB1
WT_ARAF_combined	TRUE	0.0107659264704497	10	295	5	0.0169491525423729	0.5	huMAP3_03810.1_1	humap3.0	huMAP3_03810.1_1	9293	3811	X,X,X,X,X	TCP1,CCT6A,CCT8,CCT2,DNAAF10
WT_ARAF_combined	TRUE	0.0221795554676753	6	295	4	0.0135593220338983	0.666666666666667	huMAP3_08092.1_3	humap3.0	huMAP3_08092.1_3	9293	8091	X,X,X,X	PIK3R2,PIK3R1,PIK3R3,IRS2
WT_ARAF_combined	TRUE	0.0243000374180159	27	295	7	0.023728813559322	0.259259259259259	huMAP3_06971.1_2	humap3.0	huMAP3_06971.1_2	9293	6971	X,X,X,X,X,X,X	YWHAQ,MARK3,YWHAB,YWHAG,YWHAE,YWHAZ,YWHAH
WT_ARAF_combined	TRUE	0.0290800143593577	19	295	6	0.0203389830508475	0.315789473684211	huMAP3_11135.1_5	humap3.0	huMAP3_11135.1_5	9293	11125	X,X,X,X,X,X	PRKAR1A,PRKACA,PRKACB,PRKAR1B,CDK5RAP2,AKAP11
WT_ARAF_combined	TRUE	0.0404419457995739	20	295	6	0.0203389830508475	0.3	huMAP3_06506.1_2	humap3.0	huMAP3_06506.1_2	9293	6506	X,X,X,X,X,X	HSPA8,HSPA6,DNAJC7,HSPBP1,BAG5,STUB1
WT_ARAF_combined	TRUE	0.0494913607084214	3	295	3	0.0101694915254237	1	huMAP3_06881.1_2	humap3.0	huMAP3_06881.1_2	9293	6881	X,X,X	DPCD,RUVBL2,RUVBL1
WT_ARAF_combined	TRUE	0.0494913607084214	3	295	3	0.0101694915254237	1	huMAP3_05581.1_2	humap3.0	huMAP3_05581.1_2	9293	5582	X,X,X	CRTAP,P3H1,P3H2
WT_ARAF_combined	TRUE	0.0494913607084214	3	295	3	0.0101694915254237	1	huMAP3_05596.1_2	humap3.0	huMAP3_05596.1_2	9293	5597	X,X,X	UBR5,HUWE1,TANGO6
WT_ARAF_combined	TRUE	0.0494913607084214	3	295	3	0.0101694915254237	1	huMAP3_08398.1_3	humap3.0	huMAP3_08398.1_3	9293	8397	X,X,X	CRTAP,P3H1,P3H2
WT_BRAF_combined	TRUE	3.4403427885865e-06	30	120	8	0.0666666666666667	0.266666666666667	huMAP3_07596.1_2	humap3.0	huMAP3_07596.1_2	9293	7596	X,X,X,X,X,X,X,X	BRAF,YWHAQ,YWHAB,SFN,YWHAG,YWHAE,YWHAZ,YWHAH
WT_BRAF_combined	TRUE	4.38983736996733e-05	27	120	7	0.0583333333333333	0.259259259259259	huMAP3_06971.1_2	humap3.0	huMAP3_06971.1_2	9293	6971	X,X,X,X,X,X,X	YWHAQ,YWHAB,SFN,YWHAG,YWHAE,YWHAZ,YWHAH
WT_BRAF_combined	TRUE	0.000153923373363939	47	120	8	0.0666666666666667	0.170212765957447	huMAP3_10808.1_5	humap3.0	huMAP3_10808.1_5	9293	10799	X,X,X,X,X,X,X,X	BRAF,YWHAQ,YWHAB,SFN,YWHAG,YWHAE,YWHAZ,YWHAH
WT_BRAF_combined	TRUE	0.000254447773994539	50	120	8	0.0666666666666667	0.16	huMAP3_09810.1_4	humap3.0	huMAP3_09810.1_4	9293	9805	X,X,X,X,X,X,X,X	BRAF,YWHAQ,YWHAB,SFN,YWHAG,YWHAE,YWHAZ,YWHAH
WT_BRAF_combined	TRUE	0.0131106887046936	83	120	8	0.0666666666666667	0.0963855421686747	huMAP3_12897.1_6	humap3.0	huMAP3_12897.1_6	9293	12882	X,X,X,X,X,X,X,X	BRAF,YWHAQ,YWHAB,SFN,YWHAG,YWHAE,YWHAZ,YWHAH
WT_BRAF_combined	TRUE	0.0133724565232085	40	120	6	0.05	0.15	huMAP3_07838.1_3	humap3.0	huMAP3_07838.1_3	9293	7837	X,X,X,X,X,X	BRAF,YWHAQ,YWHAB,SFN,YWHAG,YWHAE
WT_BRAF_combined	TRUE	0.0147367104203801	12	120	4	0.0333333333333333	0.333333333333333	huMAP3_10591.1_5	humap3.0	huMAP3_10591.1_5	9293	10584	X,X,X,X	HSP90AA1,HSP90AB1,FKBP5,CDC37
WT_BRAF_combined	TRUE	0.0251320357336518	5	120	3	0.025	0.6	huMAP3_08325.1_3	humap3.0	huMAP3_08325.1_3	9293	8324	X,X,X	RPA2,RPA1,RPA3
WT_BRAF_combined	TRUE	0.0394353790150795	15	120	4	0.0333333333333333	0.266666666666667	huMAP3_14477.1_6	humap3.0	huMAP3_14477.1_6	9293	14459	X,X,X,X	HSP90AA1,HSP90AB1,FKBP5,CDC37
WT_BRAF_combined	TRUE	0.0497898180039637	6	120	3	0.025	0.5	huMAP3_07481.1_2	humap3.0	huMAP3_07481.1_2	9293	7481	X,X,X	RPA2,RPA1,RPA3
WT_BRAF_combined	TRUE	0.0497898180039637	6	120	3	0.025	0.5	huMAP3_04189.1_1	humap3.0	huMAP3_04189.1_1	9293	4190	X,X,X	EEF1B2,EEF1G,EEF1D
WT_ERK1_combined	TRUE	4.21019609763181e-14	13	126	10	0.0793650793650794	0.769230769230769	huMAP3_09443.1_4	humap3.0	huMAP3_09443.1_4	9293	9439	X,X,X,X,X,X,X,X,X,X	TUBG1,MZT1,MZT2B,NEDD1,TUBGCP3,TUBGCP6,TUBGCP5,TUBGCP2,TUBG2,TUBGCP4
WT_ERK1_combined	TRUE	4.32083734832989e-13	15	126	10	0.0793650793650794	0.666666666666667	huMAP3_14882.1_6	humap3.0	huMAP3_14882.1_6	9293	14861	X,X,X,X,X,X,X,X,X,X	TUBG1,MZT1,MZT2B,NEDD1,TUBGCP3,TUBGCP6,TUBGCP5,TUBGCP2,TUBG2,TUBGCP4
WT_ERK1_combined	TRUE	8.4640742080172e-12	9	126	8	0.0634920634920635	0.888888888888889	huMAP3_00522.1_1	humap3.0	huMAP3_00522.1_1	9293	523	X,X,X,X,X,X,X,X	TUBG1,MZT1,MZT2B,NEDD1,TUBGCP3,TUBGCP2,TUBG2,TUBGCP4
WT_ERK1_combined	TRUE	5.74442866545257e-09	6	126	6	0.0476190476190476	1	huMAP3_09817.1_4	humap3.0	huMAP3_09817.1_4	9293	9812	X,X,X,X,X,X	MAPK3,MAPK1,DHPS,RPS6KA3,RPS6KA2,RPS6KA1
WT_ERK1_combined	TRUE	1.57301157814876e-07	8	126	6	0.0476190476190476	0.75	huMAP3_13479.1_6	humap3.0	huMAP3_13479.1_6	9293	13463	X,X,X,X,X,X	MAPK3,MAPK1,DHPS,RPS6KA3,RPS6KA2,RPS6KA1
WT_ERK1_combined	TRUE	2.59450438984784e-07	22	126	8	0.0634920634920635	0.363636363636364	huMAP3_00902.1_1	humap3.0	huMAP3_00902.1_1	9293	903	X,X,X,X,X,X,X,X	ATXN7,SUPT3H,TAF5L,SUPT7L,ATXN7L3,ATXN7L2,SUPT20H,TADA1
WT_ERK1_combined	TRUE	5.83339302611122e-07	24	126	8	0.0634920634920635	0.333333333333333	huMAP3_10397.1_5	humap3.0	huMAP3_10397.1_5	9293	10392	X,X,X,X,X,X,X,X	ATXN7,SUPT3H,TAF5L,SUPT7L,ATXN7L3,ATXN7L2,SUPT20H,TADA1
WT_ERK1_combined	TRUE	2.61694331674166e-06	6	126	5	0.0396825396825397	0.833333333333333	huMAP3_09385.1_4	humap3.0	huMAP3_09385.1_4	9293	9381	X,X,X,X,X	LIMS1,ILK,RSU1,PARVB,PARVA
WT_ERK1_combined	TRUE	5.77905740786029e-06	31	126	8	0.0634920634920635	0.258064516129032	huMAP3_12550.1_6	humap3.0	huMAP3_12550.1_6	9293	12536	X,X,X,X,X,X,X,X	ATXN7,SUPT3H,TAF5L,SUPT7L,ATXN7L3,ATXN7L2,SUPT20H,TADA1
WT_ERK1_combined	TRUE	9.05988748819275e-06	7	126	5	0.0396825396825397	0.714285714285714	huMAP3_11194.1_6	humap3.0	huMAP3_11194.1_6	9293	11184	X,X,X,X,X	LIMS1,ILK,RSU1,PARVB,PARVA
WT_ERK1_combined	TRUE	2.38975313721559e-05	8	126	5	0.0396825396825397	0.625	huMAP3_14916.1_6	humap3.0	huMAP3_14916.1_6	9293	14894	X,X,X,X,X	MAPK3,MAPK1,RPS6KA3,RPS6KA2,RPS6KA1
WT_ERK1_combined	TRUE	3.30900556670022e-05	38	126	8	0.0634920634920635	0.210526315789474	huMAP3_10385.1_5	humap3.0	huMAP3_10385.1_5	9293	10380	X,X,X,X,X,X,X,X	ATXN7,SUPT3H,TAF5L,SUPT7L,ATXN7L3,ATXN7L2,SUPT20H,TADA1
WT_ERK1_combined	TRUE	3.35732055445086e-05	4	126	4	0.0317460317460317	1	huMAP3_08949.1_3	humap3.0	huMAP3_08949.1_3	9293	8947	X,X,X,X	MAPK3,MAPK1,DHPS,RPS6KA2
WT_ERK1_combined	TRUE	0.000166102250749163	5	126	4	0.0317460317460317	0.8	huMAP3_04827.1_1	humap3.0	huMAP3_04827.1_1	9293	4828	X,X,X,X	LIMS1,ILK,RSU1,PARVB
WT_ERK1_combined	TRUE	0.000166102250749163	5	126	4	0.0317460317460317	0.8	huMAP3_06647.1_2	humap3.0	huMAP3_06647.1_2	9293	6647	X,X,X,X	LIMS1,ILK,RSU1,PARVB
WT_ERK1_combined	TRUE	0.000166102250749163	5	126	4	0.0317460317460317	0.8	huMAP3_11291.1_6	humap3.0	huMAP3_11291.1_6	9293	11281	X,X,X,X	MAPK1,RPS6KA3,RPS6KA2,RPS6KA1
WT_ERK1_combined	TRUE	0.000190808579179535	11	126	5	0.0396825396825397	0.454545454545455	huMAP3_14776.1_6	humap3.0	huMAP3_14776.1_6	9293	14755	X,X,X,X,X	RPS6KA4,DUSP7,DUSP9,MKNK1,MKNK2
WT_ERK1_combined	TRUE	0.000800240602531139	14	126	5	0.0396825396825397	0.357142857142857	huMAP3_03789.1_1	humap3.0	huMAP3_03789.1_1	9293	3790	X,X,X,X,X	ATXN7,SUPT3H,SUPT7L,ATXN7L2,TADA1
WT_ERK1_combined	TRUE	0.00253573235372752	3	126	3	0.0238095238095238	1	huMAP3_08875.1_3	humap3.0	huMAP3_08875.1_3	9293	8873	X,X,X	RPS6KA3,RPS6KA2,RPS6KA1
WT_ERK1_combined	TRUE	0.00253573235372752	3	126	3	0.0238095238095238	1	huMAP3_06334.1_2	humap3.0	huMAP3_06334.1_2	9293	6334	X,X,X	MIDEAS,TRERF1,DNTTIP1
WT_ERK1_combined	TRUE	0.00253573235372752	3	126	3	0.0238095238095238	1	huMAP3_10404.1_5	humap3.0	huMAP3_10404.1_5	9293	10399	X,X,X	MAPK3,MAPK1,DHPS
WT_ERK1_combined	TRUE	0.00253573235372752	3	126	3	0.0238095238095238	1	huMAP3_06300.1_2	humap3.0	huMAP3_06300.1_2	9293	6300	X,X,X	RPS6KA5,RPS6KA4,MAPK4
WT_ERK1_combined	TRUE	0.00253573235372752	3	126	3	0.0238095238095238	1	huMAP3_09590.1_4	humap3.0	huMAP3_09590.1_4	9293	9586	X,X,X	RPS6KA5,RPS6KA4,MAPK4
WT_ERK1_combined	TRUE	0.00753712750801679	21	126	5	0.0396825396825397	0.238095238095238	huMAP3_08438.1_3	humap3.0	huMAP3_08438.1_3	9293	8437	X,X,X,X,X	SUPT3H,TAF5L,SUPT7L,SUPT20H,TADA1
WT_ERK1_combined	TRUE	0.0100422097982765	4	126	3	0.0238095238095238	0.75	huMAP3_13355.1_6	humap3.0	huMAP3_13355.1_6	9293	13340	X,X,X	MAPK3,MAPK1,RPS6KA3
WT_ERK1_combined	TRUE	0.0100422097982765	4	126	3	0.0238095238095238	0.75	huMAP3_05396.1_1	humap3.0	huMAP3_05396.1_1	9293	5397	X,X,X	MIDEAS,TRERF1,DNTTIP1
WT_ERK1_combined	TRUE	0.0121952184173911	23	126	5	0.0396825396825397	0.217391304347826	huMAP3_09451.1_4	humap3.0	huMAP3_09451.1_4	9293	9447	X,X,X,X,X	SUPT3H,TAF5L,SUPT7L,SUPT20H,TADA1
WT_ERK1_combined	TRUE	0.0152737445033093	12	126	4	0.0317460317460317	0.333333333333333	huMAP3_10591.1_5	humap3.0	huMAP3_10591.1_5	9293	10584	X,X,X,X	HSP90AA1,HSP90AB1,FKBP5,CDC37
WT_ERK1_combined	TRUE	0.0248563711195676	5	126	3	0.0238095238095238	0.6	huMAP3_07709.1_3	humap3.0	huMAP3_07709.1_3	9293	7708	X,X,X	MIDEAS,TRERF1,DNTTIP1
WT_ERK1_combined	TRUE	0.0408089700443744	15	126	4	0.0317460317460317	0.266666666666667	huMAP3_14477.1_6	humap3.0	huMAP3_14477.1_6	9293	14459	X,X,X,X	HSP90AA1,HSP90AB1,FKBP5,CDC37
WT_ERK1_combined	TRUE	0.0492196693735211	6	126	3	0.0238095238095238	0.5	huMAP3_06585.1_2	humap3.0	huMAP3_06585.1_2	9293	6585	X,X,X	DUSP9,MKNK1,MKNK2
WT_ERK1_combined	TRUE	0.0492196693735211	6	126	3	0.0238095238095238	0.5	huMAP3_09513.1_4	humap3.0	huMAP3_09513.1_4	9293	9509	X,X,X	MIDEAS,TRERF1,DNTTIP1
WT_ERK1_combined	TRUE	0.0492196693735211	6	126	3	0.0238095238095238	0.5	huMAP3_07439.1_2	humap3.0	huMAP3_07439.1_2	9293	7439	X,X,X	DUSP9,MKNK1,MKNK2
WT_ERK2_combined	TRUE	4.14499632691768e-10	13	184	9	0.0489130434782609	0.692307692307692	huMAP3_09443.1_4	humap3.0	huMAP3_09443.1_4	9293	9439	X,X,X,X,X,X,X,X,X	TUBG1,MZT1,MZT2B,TUBGCP3,TUBGCP6,TUBGCP5,TUBGCP2,TUBG2,TUBGCP4
WT_ERK2_combined	TRUE	2.8039203365153e-09	15	184	9	0.0489130434782609	0.6	huMAP3_14882.1_6	humap3.0	huMAP3_14882.1_6	9293	14861	X,X,X,X,X,X,X,X,X	TUBG1,MZT1,MZT2B,TUBGCP3,TUBGCP6,TUBGCP5,TUBGCP2,TUBG2,TUBGCP4
WT_ERK2_combined	TRUE	5.98077955250593e-08	9	184	7	0.0380434782608696	0.777777777777778	huMAP3_00522.1_1	humap3.0	huMAP3_00522.1_1	9293	523	X,X,X,X,X,X,X	TUBG1,MZT1,MZT2B,TUBGCP3,TUBGCP2,TUBG2,TUBGCP4
WT_ERK2_combined	TRUE	6.1719474371398e-07	7	184	6	0.0326086956521739	0.857142857142857	huMAP3_11083.1_5	humap3.0	huMAP3_11083.1_5	9293	11074	X,X,X,X,X,X	TNRC6A,AGO3,TNRC6C,AGO2,AGO1,TNRC6B
WT_ERK2_combined	TRUE	2.42823095528547e-06	8	184	6	0.0326086956521739	0.75	huMAP3_13205.1_6	humap3.0	huMAP3_13205.1_6	9293	13190	X,X,X,X,X,X	TNRC6A,AGO3,TNRC6C,AGO2,AGO1,TNRC6B
WT_ERK2_combined	TRUE	4.65143992190152e-06	5	184	5	0.0271739130434783	1	huMAP3_10669.1_5	humap3.0	huMAP3_10669.1_5	9293	10662	X,X,X,X,X	TNRC6A,AGO3,AGO2,AGO1,TNRC6B
WT_ERK2_combined	TRUE	4.65143992190152e-06	5	184	5	0.0271739130434783	1	huMAP3_09137.1_4	humap3.0	huMAP3_09137.1_4	9293	9134	X,X,X,X,X	TNRC6A,TNRC6C,AGO2,AGO1,TNRC6B
WT_ERK2_combined	TRUE	2.74604226138702e-05	6	184	5	0.0271739130434783	0.833333333333333	huMAP3_09385.1_4	humap3.0	huMAP3_09385.1_4	9293	9381	X,X,X,X,X	LIMS1,ILK,RSU1,PARVB,PARVA
WT_ERK2_combined	TRUE	2.74604226138702e-05	6	184	5	0.0271739130434783	0.833333333333333	huMAP3_07439.1_2	humap3.0	huMAP3_07439.1_2	9293	7439	X,X,X,X,X	RHBDF1,DUSP9,MKNK1,DUSP16,MKNK2
WT_ERK2_combined	TRUE	2.74604226138702e-05	6	184	5	0.0271739130434783	0.833333333333333	huMAP3_11061.1_5	humap3.0	huMAP3_11061.1_5	9293	11052	X,X,X,X,X	TNRC6A,AGO3,TNRC6C,AGO1,TNRC6B
WT_ERK2_combined	TRUE	2.74604226138702e-05	6	184	5	0.0271739130434783	0.833333333333333	huMAP3_04863.1_1	humap3.0	huMAP3_04863.1_1	9293	4864	X,X,X,X,X	TNRC6A,AGO3,AGO2,AGO1,TNRC6B
WT_ERK2_combined	TRUE	2.74604226138702e-05	6	184	5	0.0271739130434783	0.833333333333333	huMAP3_09817.1_4	humap3.0	huMAP3_09817.1_4	9293	9812	X,X,X,X,X	MAPK1,DHPS,RPS6KA3,RPS6KA2,RPS6KA1
WT_ERK2_combined	TRUE	9.45684922892606e-05	7	184	5	0.0271739130434783	0.714285714285714	huMAP3_11194.1_6	humap3.0	huMAP3_11194.1_6	9293	11184	X,X,X,X,X	LIMS1,ILK,RSU1,PARVB,PARVA
WT_ERK2_combined	TRUE	0.000240040141303018	4	184	4	0.0217391304347826	1	huMAP3_02426.1_1	humap3.0	huMAP3_02426.1_1	9293	2427	X,X,X,X	TNRC6A,AGO3,AGO2,AGO1
WT_ERK2_combined	TRUE	0.000248135594512552	8	184	5	0.0271739130434783	0.625	huMAP3_13479.1_6	humap3.0	huMAP3_13479.1_6	9293	13463	X,X,X,X,X	MAPK1,DHPS,RPS6KA3,RPS6KA2,RPS6KA1
WT_ERK2_combined	TRUE	0.00118159494682748	5	184	4	0.0217391304347826	0.8	huMAP3_04827.1_1	humap3.0	huMAP3_04827.1_1	9293	4828	X,X,X,X	LIMS1,ILK,RSU1,PARVB
WT_ERK2_combined	TRUE	0.00118159494682748	5	184	4	0.0217391304347826	0.8	huMAP3_01628.1_1	humap3.0	huMAP3_01628.1_1	9293	1629	X,X,X,X	RHBDF1,MKNK1,DUSP16,MKNK2
WT_ERK2_combined	TRUE	0.00118159494682748	5	184	4	0.0217391304347826	0.8	huMAP3_09157.1_4	humap3.0	huMAP3_09157.1_4	9293	9154	X,X,X,X	TNRC6A,AGO3,AGO1,TNRC6B
WT_ERK2_combined	TRUE	0.00118159494682748	5	184	4	0.0217391304347826	0.8	huMAP3_06647.1_2	humap3.0	huMAP3_06647.1_2	9293	6647	X,X,X,X	LIMS1,ILK,RSU1,PARVB
WT_ERK2_combined	TRUE	0.00118159494682748	5	184	4	0.0217391304347826	0.8	huMAP3_13637.1_6	humap3.0	huMAP3_13637.1_6	9293	13621	X,X,X,X	AGO3,TNRC6C,AGO2,AGO1
WT_ERK2_combined	TRUE	0.00118159494682748	5	184	4	0.0217391304347826	0.8	huMAP3_11291.1_6	humap3.0	huMAP3_11291.1_6	9293	11281	X,X,X,X	MAPK1,RPS6KA3,RPS6KA2,RPS6KA1
WT_ERK2_combined	TRUE	0.00195020714849937	11	184	5	0.0271739130434783	0.454545454545455	huMAP3_14776.1_6	humap3.0	huMAP3_14776.1_6	9293	14755	X,X,X,X,X	RPS6KA4,DUSP7,DUSP9,MKNK1,MKNK2
WT_ERK2_combined	TRUE	0.00348986399525471	6	184	4	0.0217391304347826	0.666666666666667	huMAP3_06585.1_2	humap3.0	huMAP3_06585.1_2	9293	6585	X,X,X,X	DUSP9,MKNK1,DUSP16,MKNK2
WT_ERK2_combined	TRUE	0.00348986399525471	6	184	4	0.0217391304347826	0.666666666666667	huMAP3_07936.1_3	humap3.0	huMAP3_07936.1_3	9293	7935	X,X,X,X	RHBDF1,MKNK1,DUSP16,MKNK2
WT_ERK2_combined	TRUE	0.00348986399525471	6	184	4	0.0217391304347826	0.666666666666667	huMAP3_08665.1_3	humap3.0	huMAP3_08665.1_3	9293	8663	X,X,X,X	RHBDF1,MKNK1,DUSP16,MKNK2
WT_ERK2_combined	TRUE	0.0080169246658753	7	184	4	0.0217391304347826	0.571428571428571	huMAP3_05402.1_1	humap3.0	huMAP3_05402.1_1	9293	5403	X,X,X,X	RHBDF1,MKNK1,DUSP16,MKNK2
WT_ERK2_combined	TRUE	0.0118836305719564	15	184	5	0.0271739130434783	0.333333333333333	huMAP3_14477.1_6	humap3.0	huMAP3_14477.1_6	9293	14459	X,X,X,X,X	HSP90AA1,HSP90AB1,FKBP5,CDC37,AGO3
WT_ERK2_combined	TRUE	0.012320292335387	3	184	3	0.016304347826087	1	huMAP3_08333.1_3	humap3.0	huMAP3_08333.1_3	9293	8332	X,X,X	TNRC6C,AGO2,AGO1
WT_ERK2_combined	TRUE	0.012320292335387	3	184	3	0.016304347826087	1	huMAP3_08875.1_3	humap3.0	huMAP3_08875.1_3	9293	8873	X,X,X	RPS6KA3,RPS6KA2,RPS6KA1
WT_ERK2_combined	TRUE	0.012320292335387	3	184	3	0.016304347826087	1	huMAP3_06334.1_2	humap3.0	huMAP3_06334.1_2	9293	6334	X,X,X	TRERF1,MIDEAS,DNTTIP1
WT_ERK2_combined	TRUE	0.015785713737238	8	184	4	0.0217391304347826	0.5	huMAP3_14916.1_6	humap3.0	huMAP3_14916.1_6	9293	14894	X,X,X,X	MAPK1,RPS6KA3,RPS6KA2,RPS6KA1
WT_ERK2_combined	TRUE	0.023710361553223	17	184	5	0.0271739130434783	0.294117647058824	huMAP3_13837.1_6	humap3.0	huMAP3_13837.1_6	9293	13820	X,X,X,X,X	HSP90AA1,HSP90AB1,FKBP5,CDC37,AGO3
WT_ERK2_combined	TRUE	0.0485610489176387	4	184	3	0.016304347826087	0.75	huMAP3_08949.1_3	humap3.0	huMAP3_08949.1_3	9293	8947	X,X,X	MAPK1,DHPS,RPS6KA2
WT_ERK2_combined	TRUE	0.0485610489176387	4	184	3	0.016304347826087	0.75	huMAP3_03995.1_1	humap3.0	huMAP3_03995.1_1	9293	3996	X,X,X	MKNK1,DUSP16,MKNK2
WT_ERK2_combined	TRUE	0.0485610489176387	4	184	3	0.016304347826087	0.75	huMAP3_05396.1_1	humap3.0	huMAP3_05396.1_1	9293	5397	X,X,X	TRERF1,MIDEAS,DNTTIP1
WT_ERK2_combined	TRUE	0.0485610489176387	4	184	3	0.016304347826087	0.75	huMAP3_06571.1_2	humap3.0	huMAP3_06571.1_2	9293	6571	X,X,X	AGO3,AGO2,AGO1
WT_ERK2_combined	TRUE	0.0485610489176387	4	184	3	0.016304347826087	0.75	huMAP3_02184.1_1	humap3.0	huMAP3_02184.1_1	9293	2185	X,X,X	TNRC6A,AGO3,TNRC6B
WT_HRAS_combined	TRUE	0.00117768403626633	4	57	3	0.0526315789473684	0.75	huMAP3_00156.1_1	humap3.0	huMAP3_00156.1_1	9293	157	X,X,X	ELP1,ELP2,ELP3
WT_HRAS_combined	TRUE	0.00117768403626633	4	57	3	0.0526315789473684	0.75	huMAP3_05863.1_2	humap3.0	huMAP3_05863.1_2	9293	5864	X,X,X	ELP1,ELP2,ELP3
WT_HRAS_combined	TRUE	0.00293137737205885	5	57	3	0.0526315789473684	0.6	huMAP3_07900.1_3	humap3.0	huMAP3_07900.1_3	9293	7899	X,X,X	ELP1,ELP2,ELP3
WT_HRAS_combined	TRUE	0.00293137737205885	5	57	3	0.0526315789473684	0.6	huMAP3_08256.1_3	humap3.0	huMAP3_08256.1_3	9293	8255	X,X,X	ELP1,ELP2,ELP3
WT_HRAS_combined	TRUE	0.00583720644590108	6	57	3	0.0526315789473684	0.5	huMAP3_12672.1_6	humap3.0	huMAP3_12672.1_6	9293	12658	X,X,X	ELP1,ELP2,ELP3
WT_HRAS_combined	TRUE	0.0101706057953335	7	57	3	0.0526315789473684	0.428571428571429	huMAP3_10066.1_5	humap3.0	huMAP3_10066.1_5	9293	10061	X,X,X	ELP1,ELP2,ELP3
WT_HRAS_combined	TRUE	0.0101706057953335	7	57	3	0.0526315789473684	0.428571428571429	huMAP3_10779.1_5	humap3.0	huMAP3_10779.1_5	9293	10770	X,X,X	ELP1,ELP2,ELP3
WT_HRAS_combined	TRUE	0.0499535117470872	2	57	2	0.0350877192982456	1	huMAP3_12693.1_6	humap3.0	huMAP3_12693.1_6	9293	12679	X,X	CBARP,SHOC2
WT_HRAS_combined	TRUE	0.0499535117470872	2	57	2	0.0350877192982456	1	huMAP3_06545.1_2	humap3.0	huMAP3_06545.1_2	9293	6545	X,X	ELP1,ELP2
WT_HRAS_combined	TRUE	0.0499535117470872	2	57	2	0.0350877192982456	1	huMAP3_01914.1_1	humap3.0	huMAP3_01914.1_1	9293	1915	X,X	NRAS,KRAS
WT_KRAS_combined	TRUE	2.36055936054381e-08	12	200	8	0.04	0.666666666666667	huMAP3_05041.1_1	humap3.0	huMAP3_05041.1_1	9293	5042	X,X,X,X,X,X,X,X	COPS2,COPS6,COPS5,COPS8,COPS4,COPS7B,COPS7A,COPS3
WT_KRAS_combined	TRUE	9.32731276800806e-07	32	200	10	0.05	0.3125	huMAP3_08550.1_3	humap3.0	huMAP3_08550.1_3	9293	8549	X,X,X,X,X,X,X,X,X,X	COPS2,GPS1,COPS6,COPS5,COPS8,COPS4,COPS7B,DCAF16,COPS7A,COPS3
WT_KRAS_combined	TRUE	3.19479644862012e-06	8	200	6	0.03	0.75	huMAP3_05816.1_2	humap3.0	huMAP3_05816.1_2	9293	5817	X,X,X,X,X,X	COPS2,COPS6,COPS8,COPS7B,COPS7A,COPS3
WT_KRAS_combined	TRUE	8.06107749212677e-06	39	200	10	0.05	0.256410256410256	huMAP3_09165.1_4	humap3.0	huMAP3_09165.1_4	9293	9162	X,X,X,X,X,X,X,X,X,X	RAP1B,GNAI2,ANXA2,YES1,LYN,CD59,GNA11,S100A10,RRAS2,GNAI1
WT_KRAS_combined	TRUE	1.36921728012232e-05	41	200	10	0.05	0.24390243902439	huMAP3_09779.1_4	humap3.0	huMAP3_09779.1_4	9293	9774	X,X,X,X,X,X,X,X,X,X	COPS2,GPS1,COPS6,COPS5,COPS8,COPS4,COPS7B,DCAF16,COPS7A,COPS3
WT_KRAS_combined	TRUE	1.76372873901772e-05	42	200	10	0.05	0.238095238095238	huMAP3_14528.1_6	humap3.0	huMAP3_14528.1_6	9293	14510	X,X,X,X,X,X,X,X,X,X	COPS2,GPS1,COPS6,COPS5,COPS8,COPS4,COPS7B,DCAF16,COPS7A,COPS3
WT_KRAS_combined	TRUE	2.31112072361247e-05	10	200	6	0.03	0.6	huMAP3_10071.1_5	humap3.0	huMAP3_10071.1_5	9293	10066	X,X,X,X,X,X	RPN1,RPN2,DAD1,TUSC3,STT3B,MAGT1
WT_KRAS_combined	TRUE	5.74829124811684e-05	26	200	8	0.04	0.307692307692308	huMAP3_11173.1_6	humap3.0	huMAP3_11173.1_6	9293	11163	X,X,X,X,X,X,X,X	GNAI2,GNAI3,GNAO1,GNA11,SRI,GNG4,GNG10,GNAI1
WT_KRAS_combined	TRUE	0.000150946541959079	20	200	7	0.035	0.35	huMAP3_13105.1_6	humap3.0	huMAP3_13105.1_6	9293	13090	X,X,X,X,X,X,X	GNAI3,GNAO1,GNA11,SRI,GNG4,GNG10,GNAI1
WT_KRAS_combined	TRUE	0.00176864414632126	18	200	6	0.03	0.333333333333333	huMAP3_10824.1_5	humap3.0	huMAP3_10824.1_5	9293	10815	X,X,X,X,X,X	GNAI2,GNAI3,GNAO1,GNG4,GNG10,GNAI1
WT_KRAS_combined	TRUE	0.00394455800217136	12	200	5	0.025	0.416666666666667	huMAP3_05674.1_2	humap3.0	huMAP3_05674.1_2	9293	5675	X,X,X,X,X	RAP1B,ANXA2,CD59,GNA11,GNAI1
WT_KRAS_combined	TRUE	0.00661489908438535	22	200	6	0.03	0.272727272727273	huMAP3_12729.1_6	humap3.0	huMAP3_12729.1_6	9293	12715	X,X,X,X,X,X	GNAI2,GNAI3,GNAO1,GNG4,GNG10,GNAI1
WT_KRAS_combined	TRUE	0.0088813298363968	7	200	4	0.02	0.571428571428571	huMAP3_00921.1_1	humap3.0	huMAP3_00921.1_1	9293	922	X,X,X,X	RPN1,DAD1,STT3B,MAGT1
WT_KRAS_combined	TRUE	0.00962620906840563	14	200	5	0.025	0.357142857142857	huMAP3_09788.1_4	humap3.0	huMAP3_09788.1_4	9293	9783	X,X,X,X,X	GNAI2,GNAI3,GNAO1,GNG4,GNAI1
WT_KRAS_combined	TRUE	0.0174633885706187	8	200	4	0.02	0.5	huMAP3_07211.1_2	humap3.0	huMAP3_07211.1_2	9293	7211	X,X,X,X	RPN1,DAD1,STT3B,MAGT1
WT_KRAS_combined	TRUE	0.0189954462765206	26	200	6	0.03	0.230769230769231	huMAP3_05064.1_1	humap3.0	huMAP3_05064.1_1	9293	5065	X,X,X,X,X,X	PSMD11,PSMD12,PSMD7,PSMD2,PSMD1,PSMD13
WT_KRAS_combined	TRUE	0.0282256381363389	17	200	5	0.025	0.294117647058824	huMAP3_08718.1_3	humap3.0	huMAP3_08718.1_3	9293	8716	X,X,X,X,X	YES1,LYN,GNA11,S100A10,GNAI1
WT_KRAS_combined	TRUE	0.0495705150970336	4	200	3	0.015	0.75	huMAP3_10795.1_5	humap3.0	huMAP3_10795.1_5	9293	10786	X,X,X	GNA11,SRI,SERINC3
WT_KRAS_combined	TRUE	0.0495705150970336	4	200	3	0.015	0.75	huMAP3_12112.1_6	humap3.0	huMAP3_12112.1_6	9293	12099	X,X,X	UBXN7,CDC34,UBE2R2
WT_MEK1_combined	TRUE	0.00902289455972471	5	93	3	0.032258064516129	0.6	huMAP3_08325.1_3	humap3.0	huMAP3_08325.1_3	9293	8324	X,X,X	RPA2,RPA1,RPA3
WT_MEK1_combined	TRUE	0.0179147761849056	6	93	3	0.032258064516129	0.5	huMAP3_07481.1_2	humap3.0	huMAP3_07481.1_2	9293	7481	X,X,X	RPA2,RPA1,RPA3
WT_MEK1_combined	TRUE	0.0311233422407022	7	93	3	0.032258064516129	0.428571428571429	huMAP3_08422.1_3	humap3.0	huMAP3_08422.1_3	9293	8421	X,X,X	RPA2,RPA1,RPA3
WT_MEK1_combined	TRUE	0.0494361101524777	8	93	3	0.032258064516129	0.375	huMAP3_09432.1_4	humap3.0	huMAP3_09432.1_4	9293	9428	X,X,X	RPA2,RPA1,RPA3
WT_MEK2_combined	TRUE	1.67813806511323e-08	24	83	8	0.0963855421686747	0.333333333333333	huMAP3_07919.1_3	humap3.0	huMAP3_07919.1_3	9293	7918	X,X,X,X,X,X,X,X	HSPA4L,HSPA8,HSPA6,HSPA1L,HSPA4,HSPA2,HSPH1,HSPBP1
WT_MEK2_combined	TRUE	3.51366261452622e-08	26	83	8	0.0963855421686747	0.307692307692308	huMAP3_11049.1_5	humap3.0	huMAP3_11049.1_5	9293	11040	X,X,X,X,X,X,X,X	HSPA4L,HSPA8,HSPA6,HSPA1L,HSPA4,HSPA2,HSPH1,HSPBP1
WT_MEK2_combined	TRUE	2.20898576041572e-07	20	83	7	0.0843373493975904	0.35	huMAP3_06506.1_2	humap3.0	huMAP3_06506.1_2	9293	6506	X,X,X,X,X,X,X	HSPA4L,HSPA8,HSPA6,HSPA1L,HSPA4,HSPA2,HSPBP1
WT_MEK2_combined	TRUE	9.58305941853557e-07	24	83	7	0.0843373493975904	0.291666666666667	huMAP3_13774.1_6	humap3.0	huMAP3_13774.1_6	9293	13757	X,X,X,X,X,X,X	HSPA4L,HSPA6,HSPA1L,HSPA4,HSPA2,HSPH1,HSPBP1
WT_MEK2_combined	TRUE	2.36547076909357e-06	42	83	8	0.0963855421686747	0.19047619047619	huMAP3_14723.1_6	humap3.0	huMAP3_14723.1_6	9293	14703	X,X,X,X,X,X,X,X	HSPA4L,HSPA8,HSPA6,HSPA1L,HSPA4,HSPA2,HSPH1,HSPBP1
WT_MEK2_combined	TRUE	5.39898784209996e-06	30	83	7	0.0843373493975904	0.233333333333333	huMAP3_07596.1_2	humap3.0	huMAP3_07596.1_2	9293	7596	X,X,X,X,X,X,X	BRAF,YWHAQ,YWHAB,YWHAG,YWHAE,YWHAZ,YWHAH
WT_MEK2_combined	TRUE	9.61686664080036e-05	27	83	6	0.072289156626506	0.222222222222222	huMAP3_06971.1_2	humap3.0	huMAP3_06971.1_2	9293	6971	X,X,X,X,X,X	YWHAQ,YWHAB,YWHAG,YWHAE,YWHAZ,YWHAH
WT_MEK2_combined	TRUE	0.000147619168324221	47	83	7	0.0843373493975904	0.148936170212766	huMAP3_10808.1_5	humap3.0	huMAP3_10808.1_5	9293	10799	X,X,X,X,X,X,X	BRAF,YWHAQ,YWHAB,YWHAG,YWHAE,YWHAZ,YWHAH
WT_MEK2_combined	TRUE	0.000181167640347148	7	83	4	0.0481927710843374	0.571428571428571	huMAP3_04877.1_1	humap3.0	huMAP3_04877.1_1	9293	4878	X,X,X,X	HSPA4L,HSPA8,HSPA6,HSPBP1
WT_MEK2_combined	TRUE	0.000229452739433827	50	83	7	0.0843373493975904	0.14	huMAP3_09810.1_4	humap3.0	huMAP3_09810.1_4	9293	9805	X,X,X,X,X,X,X	BRAF,YWHAQ,YWHAB,YWHAG,YWHAE,YWHAZ,YWHAH
WT_MEK2_combined	TRUE	0.000588259861201182	83	83	8	0.0963855421686747	0.0963855421686747	huMAP3_12897.1_6	humap3.0	huMAP3_12897.1_6	9293	12882	X,X,X,X,X,X,X,X	BRAF,YWHAQ,YWHAB,YWHAG,YWHAE,YWHAZ,YWHAH,WWTR1
WT_MEK2_combined	TRUE	0.000613523698203654	3	83	3	0.036144578313253	1	huMAP3_14744.1_6	humap3.0	huMAP3_14744.1_6	9293	14723	X,X,X	MAP2K1,KSR2,KSR1
WT_MEK2_combined	TRUE	0.00243824488026683	4	83	3	0.036144578313253	0.75	huMAP3_04917.1_1	humap3.0	huMAP3_04917.1_1	9293	4918	X,X,X	ARAF,BRAF,KSR1
WT_MEK2_combined	TRUE	0.00247632590625404	12	83	4	0.0481927710843374	0.333333333333333	huMAP3_10591.1_5	humap3.0	huMAP3_10591.1_5	9293	10584	X,X,X,X	HSP90AA1,HSP90AB1,FKBP5,CDC37
WT_MEK2_combined	TRUE	0.00605625701625991	5	83	3	0.036144578313253	0.6	huMAP3_07588.1_2	humap3.0	huMAP3_07588.1_2	9293	7588	X,X,X	ARAF,BRAF,KSR1
WT_MEK2_combined	TRUE	0.00669046615843724	15	83	4	0.0481927710843374	0.266666666666667	huMAP3_14477.1_6	humap3.0	huMAP3_14477.1_6	9293	14459	X,X,X,X	HSP90AA1,HSP90AB1,FKBP5,CDC37
WT_MEK2_combined	TRUE	0.0115075911758196	17	83	4	0.0481927710843374	0.235294117647059	huMAP3_13837.1_6	humap3.0	huMAP3_13837.1_6	9293	13820	X,X,X,X	HSP90AA1,HSP90AB1,FKBP5,CDC37
WT_MEK2_combined	TRUE	0.0120343390842014	6	83	3	0.036144578313253	0.5	huMAP3_04189.1_1	humap3.0	huMAP3_04189.1_1	9293	4190	X,X,X	EEF1B2,EEF1G,EEF1D
WT_MEK2_combined	TRUE	0.0231340266156251	40	83	5	0.0602409638554217	0.125	huMAP3_07838.1_3	humap3.0	huMAP3_07838.1_3	9293	7837	X,X,X,X,X	BRAF,YWHAQ,YWHAB,YWHAG,YWHAE
WT_NRAS_combined	TRUE	0.00100707241149854	4	50	3	0.06	0.75	huMAP3_04917.1_1	humap3.0	huMAP3_04917.1_1	9293	4918	X,X,X	ARAF,KRAS,BRAF
WT_NRAS_combined	TRUE	0.00250812953740337	5	50	3	0.06	0.6	huMAP3_08325.1_3	humap3.0	huMAP3_08325.1_3	9293	8324	X,X,X	RPA2,RPA1,RPA3
WT_NRAS_combined	TRUE	0.00250812953740337	5	50	3	0.06	0.6	huMAP3_07588.1_2	humap3.0	huMAP3_07588.1_2	9293	7588	X,X,X	ARAF,KRAS,BRAF
WT_NRAS_combined	TRUE	0.00499723176617287	6	50	3	0.06	0.5	huMAP3_07481.1_2	humap3.0	huMAP3_07481.1_2	9293	7481	X,X,X	RPA2,RPA1,RPA3
WT_NRAS_combined	TRUE	0.00871198969561674	7	50	3	0.06	0.428571428571429	huMAP3_08422.1_3	humap3.0	huMAP3_08422.1_3	9293	8421	X,X,X	RPA2,RPA1,RPA3
WT_NRAS_combined	TRUE	0.013886328260573	8	50	3	0.06	0.375	huMAP3_09432.1_4	humap3.0	huMAP3_09432.1_4	9293	9428	X,X,X	RPA2,RPA1,RPA3
WT_NRAS_combined	TRUE	0.0489184798188732	2	50	2	0.04	1	huMAP3_01914.1_1	humap3.0	huMAP3_01914.1_1	9293	1915	X,X	NRAS,KRAS
WT_RAF1_combined	TRUE	0.00322804636806244	27	135	6	0.0444444444444444	0.222222222222222	huMAP3_06971.1_2	humap3.0	huMAP3_06971.1_2	9293	6971	X,X,X,X,X,X	YWHAQ,YWHAB,YWHAG,YWHAE,YWHAZ,YWHAH
WT_RAF1_combined	TRUE	0.00475082025191591	8	135	4	0.0296296296296296	0.5	huMAP3_11913.1_6	humap3.0	huMAP3_11913.1_6	9293	11901	X,X,X,X	IRS4,PIK3R1,PIK3R3,NISCH
WT_RAF1_combined	TRUE	0.00624750637246989	30	135	6	0.0444444444444444	0.2	huMAP3_07596.1_2	humap3.0	huMAP3_07596.1_2	9293	7596	X,X,X,X,X,X	YWHAQ,YWHAB,YWHAG,YWHAE,YWHAZ,YWHAH
WT_RAF1_combined	TRUE	0.0168983274880428	21	135	5	0.037037037037037	0.238095238095238	huMAP3_07938.1_3	humap3.0	huMAP3_07938.1_3	9293	7937	X,X,X,X,X	CCT6A,CCT2,FBXW8,CCT6B,DNAAF10
WT_RAF1_combined	TRUE	0.0197796408919789	4	135	3	0.0222222222222222	0.75	huMAP3_05621.1_2	humap3.0	huMAP3_05621.1_2	9293	5622	X,X,X	TTC9C,SUGT1,FBH1
WT_RAF1_combined	TRUE	0.0216143844043315	22	135	5	0.037037037037037	0.227272727272727	huMAP3_06559.1_2	humap3.0	huMAP3_06559.1_2	9293	6559	X,X,X,X,X	CCT6A,CCT2,FBXW8,CCT6B,DNAAF10
WT_RAF1_combined	TRUE	0.0321075871955193	12	135	4	0.0296296296296296	0.333333333333333	huMAP3_10591.1_5	humap3.0	huMAP3_10591.1_5	9293	10584	X,X,X,X	HSP90AA1,HSP90AB1,FKBP5,CDC37
WT_RAF1_combined	TRUE	0.0489224751233406	5	135	3	0.0222222222222222	0.6	huMAP3_08325.1_3	humap3.0	huMAP3_08325.1_3	9293	8324	X,X,X	RPA2,RPA1,RPA3
