KrasWT	KrasS17N	KrasG12V	KrasG12D	NrasWT	NrasS17N	NrasQ61K	NrasQ61R	HrasWT	HrasS17N	HrasG13R	HrasQ61R	ArafWT	ArafD447A	ArafS214P	BrafWT	BrafD594N	BrafG469A	BrafV600E	Raf1WT	Raf1D486A	Raf1S257L	Raf1S259F	MEK1WT	MEK1AA	MEK1DD	MEK2WT	MEK2AA	MEK2DD	ERK1WT	ERK1AA	ERK1DD	ERK2WT	ERK2AA	ERK2DD
KrasWT	NA	0.554	0.434	0.54	0.19	0.05	0.148	0.087	0.186	0.083	0.064	0.07	0.062	0.029	0.025	0.079	0.072	0.153	0.083	0.082	0.045	0.07	0.089	0.012	0	0.071	0.051	0.014	0.025	0	0	0	0	0.035	0.057
KrasS17N	0.554	NA	0.663	0.598	0.048	0.033	0.049	0.098	0.093	0.109	0.043	0.054	0.065	0.011	0.011	0.033	0.012	0.076	0.043	0.022	0.033	0.022	0.076	0	0	0.022	0	0	0	0	0	0	0	0.022	0.014
KrasG12V	0.434	0.663	NA	0.7	0.119	0.05	0.173	0.186	0.186	0.088	0.124	0.133	0.071	0.009	0.035	0.044	0.048	0.08	0.044	0.031	0.044	0.035	0.08	0.012	0.023	0.044	0.034	0.018	0.027	0	0	0	0	0	0.014
KrasG12D	0.54	0.598	0.7	NA	0.119	0.033	0.185	0.22	0.186	0.08	0.14	0.14	0.06	0.02	0.03	0.06	0.048	0.08	0.05	0.041	0.02	0.03	0.07	0.023	0.045	0.05	0.051	0.02	0.03	0	0	0	0	0	0.014
NrasWT	0.19	0.048	0.119	0.119	NA	0.357	0.452	0.333	0.381	0.571	0.333	0.429	0.429	0.286	0.405	0.714	0.524	0.619	0.524	0.738	0.357	0.595	0.476	0.381	0.167	0.476	0.262	0.238	0.286	0.071	0.119	0.143	0.119	0.357	0.429
NrasS17N	0.05	0.033	0.05	0.033	0.357	NA	0.483	0.3	0.256	0.617	0.433	0.433	0.283	0.3	0.283	0.55	0.4	0.3	0.317	0.367	0.55	0.55	0.383	0.267	0.318	0.217	0.203	0.117	0.183	0.1	0.193	0.217	0.117	0.583	0.433
NrasQ61K	0.148	0.049	0.173	0.185	0.452	0.483	NA	0.469	0.442	0.383	0.519	0.506	0.284	0.333	0.272	0.494	0.333	0.272	0.37	0.346	0.346	0.556	0.444	0.247	0.273	0.247	0.288	0.136	0.235	0.053	0.211	0.162	0.123	0.469	0.314
NrasQ61R	0.087	0.098	0.186	0.22	0.333	0.3	0.469	NA	0.302	0.252	0.22	0.252	0.15	0.102	0.079	0.167	0.133	0.087	0.126	0.112	0.094	0.197	0.181	0.151	0.159	0.071	0.136	0.055	0.142	0.093	0.175	0.147	0.065	0.209	0.129
HrasWT	0.186	0.093	0.186	0.186	0.381	0.256	0.442	0.302	NA	0.302	0.605	0.535	0.209	0.14	0.372	0.442	0.349	0.302	0.372	0.349	0.279	0.372	0.302	0.349	0.163	0.279	0.349	0.279	0.349	0.14	0.07	0.163	0.186	0.279	0.186
HrasS17N	0.083	0.109	0.088	0.08	0.571	0.617	0.383	0.252	0.302	NA	0.154	0.175	0.287	0.122	0.081	0.316	0.265	0.234	0.183	0.276	0.166	0.286	0.286	0.174	0.182	0.161	0.169	0.043	0.063	0.08	0.123	0.191	0.04	0.348	0.286
HrasG13R	0.064	0.043	0.124	0.14	0.333	0.433	0.519	0.22	0.605	0.154	NA	0.573	0.132	0.201	0.326	0.342	0.301	0.222	0.216	0.163	0.318	0.261	0.239	0.256	0.364	0.135	0.288	0.114	0.205	0.107	0.193	0.132	0.137	0.287	0.243
HrasQ61R	0.07	0.054	0.133	0.14	0.429	0.433	0.506	0.252	0.535	0.175	0.573	NA	0.194	0.216	0.315	0.404	0.325	0.203	0.224	0.204	0.385	0.287	0.224	0.233	0.386	0.133	0.271	0.1	0.133	0.093	0.193	0.132	0.113	0.209	0.243
ArafWT	0.062	0.065	0.071	0.06	0.429	0.283	0.284	0.15	0.209	0.287	0.132	0.194	NA	0.473	0.302	0.404	0.325	0.209	0.209	0.418	0.302	0.395	0.481	0.186	0.159	0.171	0.203	0.085	0.132	0.08	0.123	0.118	0.073	0.191	0.214
ArafD447A	0.029	0.011	0.009	0.02	0.286	0.3	0.333	0.102	0.14	0.122	0.201	0.216	0.473	NA	0.403	0.474	0.41	0.273	0.381	0.439	0.446	0.403	0.388	0.198	0.318	0.151	0.254	0.086	0.144	0.067	0.246	0.118	0.113	0.261	0.257
ArafS214P	0.025	0.011	0.035	0.03	0.405	0.283	0.272	0.079	0.372	0.081	0.326	0.315	0.302	0.403	NA	0.404	0.434	0.436	0.459	0.449	0.343	0.442	0.477	0.256	0.273	0.355	0.271	0.143	0.349	0.133	0.281	0.162	0.105	0.191	0.286
BrafWT	0.079	0.033	0.044	0.06	0.714	0.55	0.494	0.167	0.442	0.316	0.342	0.404	0.404	0.474	0.404	NA	0.675	0.518	0.535	0.551	0.456	0.596	0.491	0.314	0.409	0.289	0.39	0.158	0.193	0.093	0.246	0.162	0.123	0.36	0.429
BrafD594N	0.072	0.012	0.048	0.048	0.524	0.4	0.333	0.133	0.349	0.265	0.301	0.325	0.325	0.41	0.434	0.675	NA	0.53	0.663	0.554	0.458	0.578	0.518	0.289	0.409	0.325	0.339	0.229	0.253	0.053	0.211	0.147	0.157	0.313	0.314
BrafG469A	0.153	0.076	0.08	0.08	0.619	0.3	0.272	0.087	0.302	0.234	0.222	0.203	0.209	0.273	0.436	0.518	0.53	NA	0.669	0.5	0.268	0.493	0.59	0.209	0.273	0.761	0.288	0.1	0.225	0.067	0.14	0.088	0.081	0.235	0.3
BrafV600E	0.083	0.043	0.044	0.05	0.524	0.317	0.37	0.126	0.372	0.183	0.216	0.224	0.209	0.381	0.459	0.535	0.663	0.669	NA	0.561	0.225	0.527	0.566	0.244	0.273	0.671	0.305	0.107	0.347	0.067	0.175	0.132	0.097	0.27	0.314
Raf1WT	0.082	0.022	0.031	0.041	0.738	0.367	0.346	0.112	0.349	0.276	0.163	0.204	0.418	0.439	0.449	0.551	0.554	0.5	0.561	NA	0.429	0.663	0.551	0.256	0.295	0.388	0.322	0.173	0.265	0.093	0.175	0.147	0.112	0.265	0.414
Raf1D486A	0.045	0.033	0.044	0.02	0.357	0.55	0.346	0.094	0.279	0.166	0.318	0.385	0.302	0.446	0.343	0.456	0.458	0.268	0.225	0.429	NA	0.285	0.216	0.174	0.295	0.161	0.237	0.079	0.103	0.08	0.211	0.088	0.073	0.261	0.343
Raf1S257L	0.07	0.022	0.035	0.03	0.595	0.55	0.556	0.197	0.372	0.286	0.261	0.287	0.395	0.403	0.442	0.596	0.578	0.493	0.527	0.663	0.285	NA	0.594	0.291	0.341	0.516	0.339	0.114	0.285	0.093	0.246	0.147	0.121	0.443	0.371
Raf1S259F	0.089	0.076	0.08	0.07	0.476	0.383	0.444	0.181	0.302	0.286	0.239	0.224	0.481	0.388	0.477	0.491	0.518	0.59	0.566	0.551	0.216	0.594	NA	0.198	0.295	0.697	0.288	0.1	0.283	0.093	0.175	0.162	0.097	0.339	0.271
MEK1WT	0.012	0	0.012	0.023	0.381	0.267	0.247	0.151	0.349	0.174	0.256	0.233	0.186	0.198	0.256	0.314	0.289	0.209	0.244	0.256	0.174	0.291	0.198	NA	0.568	0.186	0.508	0.674	0.616	0.093	0.14	0.176	0.267	0.267	0.271
MEK1AA	0	0	0.023	0.045	0.167	0.318	0.273	0.159	0.163	0.182	0.364	0.386	0.159	0.318	0.273	0.409	0.409	0.273	0.273	0.295	0.295	0.341	0.295	0.568	NA	0.273	0.364	0.614	0.455	0.045	0.136	0.091	0.205	0.341	0.159
MEK1DD	0.071	0.022	0.044	0.05	0.476	0.217	0.247	0.071	0.279	0.161	0.135	0.133	0.171	0.151	0.355	0.289	0.325	0.761	0.671	0.388	0.161	0.516	0.697	0.186	0.273	NA	0.288	0.121	0.535	0.053	0.123	0.074	0.056	0.191	0.186
MEK2WT	0.051	0	0.034	0.051	0.262	0.203	0.288	0.136	0.349	0.169	0.288	0.271	0.203	0.254	0.271	0.39	0.339	0.288	0.305	0.322	0.237	0.339	0.288	0.508	0.364	0.288	NA	0.576	0.576	0.085	0.105	0.153	0.22	0.339	0.22
MEK2AA	0.014	0	0.018	0.02	0.238	0.117	0.136	0.055	0.279	0.043	0.114	0.1	0.085	0.086	0.143	0.158	0.229	0.1	0.107	0.173	0.079	0.114	0.1	0.674	0.614	0.121	0.576	NA	0.643	0.12	0.14	0.118	0.194	0.122	0.157
MEK2DD	0.025	0	0.027	0.03	0.286	0.183	0.235	0.142	0.349	0.063	0.205	0.133	0.132	0.144	0.349	0.193	0.253	0.225	0.347	0.265	0.103	0.285	0.283	0.616	0.455	0.535	0.576	0.643	NA	0.213	0.193	0.176	0.266	0.209	0.186
ERK1WT	0	0	0	0	0.071	0.1	0.053	0.093	0.14	0.08	0.107	0.093	0.08	0.067	0.133	0.093	0.053	0.067	0.067	0.093	0.08	0.093	0.093	0.093	0.045	0.053	0.085	0.12	0.213	NA	0.596	0.735	0.667	0.48	0.343
ERK1AA	0	0	0	0	0.119	0.193	0.211	0.175	0.07	0.123	0.193	0.193	0.123	0.246	0.281	0.246	0.211	0.14	0.175	0.175	0.211	0.246	0.175	0.14	0.136	0.123	0.105	0.14	0.193	0.596	NA	0.632	0.561	0.667	0.526
ERK1DD	0	0	0	0	0.143	0.217	0.162	0.147	0.163	0.191	0.132	0.132	0.118	0.118	0.162	0.162	0.147	0.088	0.132	0.147	0.088	0.147	0.162	0.176	0.091	0.074	0.153	0.118	0.176	0.735	0.632	NA	0.574	0.559	0.471
ERK2WT	0	0	0	0	0.119	0.117	0.123	0.065	0.186	0.04	0.137	0.113	0.073	0.113	0.105	0.123	0.157	0.081	0.097	0.112	0.073	0.121	0.097	0.267	0.205	0.056	0.22	0.194	0.266	0.667	0.561	0.574	NA	0.452	0.443
ERK2AA	0.035	0.022	0	0	0.357	0.583	0.469	0.209	0.279	0.348	0.287	0.209	0.191	0.261	0.191	0.36	0.313	0.235	0.27	0.265	0.261	0.443	0.339	0.267	0.341	0.191	0.339	0.122	0.209	0.48	0.667	0.559	0.452	NA	0.671
ERK2DD	0.057	0.014	0.014	0.014	0.429	0.433	0.314	0.129	0.186	0.286	0.243	0.243	0.214	0.257	0.286	0.429	0.314	0.3	0.314	0.414	0.343	0.371	0.271	0.271	0.159	0.186	0.22	0.157	0.186	0.343	0.526	0.471	0.443	0.671	NA
