ERK	MEK	RAF	RAS	Gene.names
ABHD17C	1	0	1	0	ABHD17C
ABR	0	0	1	0	ABR
ACAP3	0	0	1	0	ACAP3
ACTL8	0	0	1	0	ACTL8
ACVR1	0	0	0	1	ACVR1
ADAM17	1	0	0	0	ADAM17
ADAMTS17	0	0	0	1	ADAMTS17
ADAMTS19	0	0	1	0	ADAMTS19
ADGRL1	1	0	0	0	ADGRL1
ADGRL2	1	0	0	0	ADGRL2
ADGRL3	1	0	0	0	ADGRL3
ADPRHL1	0	0	1	1	ADPRHL1
AEN	0	0	1	0	AEN
AGO1	1	0	0	0	AGO1
AGO2	1	0	0	0	AGO2
AGO3	1	0	0	0	AGO3
AGPAT3	0	0	0	1	AGPAT3
AHCYL1	0	1	0	1	AHCYL1
AIP	0	0	1	0	AIP
AK6	0	0	0	1	AK6
AKAP11	0	0	1	0	AKAP11
AKAP8L	0	0	1	0	AKAP8L
AKT1S1	0	0	0	1	AKT1S1
ALDH1L1	0	0	0	1	ALDH1L1
ALG11	0	0	1	0	ALG11
ALOX12B	0	0	1	0	ALOX12B
ALOXE3	0	0	0	1	ALOXE3
ALPP;ALPG	0	0	1	0	ALPP;ALPG
AMER1	0	0	1	0	AMER1
AMH	0	0	1	0	AMH
ANAPC13	0	0	0	1	ANAPC13
ANKH	0	0	1	0	ANKH
ANKMY2	0	0	1	0	ANKMY2
ANKRA2	0	1	0	0	ANKRA2
ANKRD10	1	0	1	0	ANKRD10
ANKRD28	0	0	1	0	ANKRD28
ANKRD34A	1	0	0	0	ANKRD34A
ANKRD40	0	0	1	0	ANKRD40
ANKRD49	0	0	1	0	ANKRD49
ANKRD52	0	1	1	0	ANKRD52
ANO8	1	0	0	0	ANO8
ANP32B	0	0	0	1	ANP32B
ANXA2	0	0	0	1	ANXA2
ANXA6	0	0	0	1	ANXA6
AP3M1	0	0	1	0	AP3M1
APBA1	0	0	1	0	APBA1
APBA2	0	0	1	0	APBA2
ARAF	0	1	1	1	ARAF
ARC	1	0	0	0	ARC
ARF1	0	1	1	0	ARF1
ARFIP2	0	1	0	0	ARFIP2
ARHGAP29	1	0	0	0	ARHGAP29
ARHGAP31	1	0	0	0	ARHGAP31
ARHGEF26	1	0	0	0	ARHGEF26
ARHGEF6	0	0	0	1	ARHGEF6
ARIH1	0	0	0	1	ARIH1
ARIH2	0	0	0	1	ARIH2
ARL6IP1	0	0	0	1	ARL6IP1
ARL6IP6	0	0	0	1	ARL6IP6
ARMC5	0	0	1	0	ARMC5
ARMCX3	0	0	1	0	ARMCX3
ARMCX5	0	0	1	0	ARMCX5
ARRDC4	1	0	0	0	ARRDC4
ARV1	0	0	1	1	ARV1
ASB6	0	0	1	1	ASB6
ASDURF	0	0	1	0	ASDURF
ASPM	0	0	1	0	ASPM
ATAT1	0	0	1	0	ATAT1
ATG3	0	0	0	1	ATG3
ATOX1	0	0	0	1	ATOX1
ATP5F1E;ATP5F1EP2	0	0	0	1	ATP5F1E;ATP5F1EP2
ATP9B	0	1	1	0	ATP9B
ATXN7	1	0	0	0	ATXN7
ATXN7L1	1	0	0	0	ATXN7L1
ATXN7L2	1	0	0	0	ATXN7L2
ATXN7L3	1	0	0	0	ATXN7L3
AUNIP	1	0	0	0	AUNIP
B3GALT1	0	0	1	0	B3GALT1
B4GALT7	0	1	0	0	B4GALT7
BACH1	1	0	0	0	BACH1
BAG2	0	0	1	0	BAG2
BAG5	0	0	1	0	BAG5
BAMBI	0	0	1	0	BAMBI
BCL2L12	0	0	0	1	BCL2L12
BCR	0	0	1	0	BCR
BFSP1	0	1	0	0	BFSP1
BHLHE41	0	0	0	1	BHLHE41
BMP1	0	0	0	1	BMP1
BMP8B;BMP8A	1	0	0	0	BMP8B;BMP8A
BRAF	0	1	1	1	BRAF
BTBD6	1	1	1	0	BTBD6
BTBD9	0	0	1	0	BTBD9
BTG3	0	0	1	0	BTG3
C12orf56	0	0	1	0	C12orf56
C15orf39	1	0	0	0	C15orf39
C17orf75	0	0	1	0	C17orf75
C19orf53	0	0	0	1	C19orf53
C1GALT1	0	0	0	1	C1GALT1
C1orf21	0	0	0	1	C1orf21
C4A;C4B	0	1	1	0	C4A;C4B
C7orf50	0	0	0	1	C7orf50
CA2	0	0	0	1	CA2
CA5B	0	1	0	0	CA5B
CACYBP	0	0	1	0	CACYBP
CAMK1	0	0	1	0	CAMK1
CAMKV	0	0	0	1	CAMKV
CAMSAP2	1	0	0	0	CAMSAP2
CARMIL2	0	1	0	0	CARMIL2
CBARP	0	0	0	1	CBARP
CBLB	0	0	0	1	CBLB
CCAR2	1	0	0	0	CCAR2
CCDC102B	0	1	0	0	CCDC102B
CCDC137	0	0	0	1	CCDC137
CCDC138	1	0	0	0	CCDC138
CCDC22	0	1	0	0	CCDC22
CCDC51	0	0	1	0	CCDC51
CCDC85B	0	0	1	0	CCDC85B
CCNG1	0	0	1	0	CCNG1
CCNYL1	0	0	0	1	CCNYL1
CCP110	1	0	0	0	CCP110
CCT2	0	0	1	0	CCT2
CCT3	0	0	1	0	CCT3
CCT6A	0	0	1	0	CCT6A
CCT6B	0	0	1	0	CCT6B
CCT7	0	0	1	0	CCT7
CCT8	0	0	1	0	CCT8
CD59	0	0	0	1	CD59
CDC123	1	1	1	0	CDC123
CDC16	0	0	1	0	CDC16
CDC34	0	0	0	1	CDC34
CDC37	1	1	1	0	CDC37
CDC42BPG	0	0	1	0	CDC42BPG
CDC42EP3	1	0	0	0	CDC42EP3
CDC6	0	0	1	0	CDC6
CDCA3	1	0	0	0	CDCA3
CDK5RAP2	0	0	1	0	CDK5RAP2
CELSR2	0	0	1	0	CELSR2
CEMIP	1	0	0	0	CEMIP
CENPI	1	1	1	1	CENPI
CEP68	0	0	0	1	CEP68
CFAP90	0	0	0	1	CFAP90
CHAF1A	1	0	1	0	CHAF1A
CHAF1B	1	0	1	0	CHAF1B
CHERP	1	0	0	0	CHERP
CHGA	0	0	0	1	CHGA
CHMP1B	0	0	0	1	CHMP1B
CHORDC1	0	0	1	0	CHORDC1
CHPT1	0	0	0	1	CHPT1
CHSY3	0	0	1	0	CHSY3
CIAPIN1	0	0	0	1	CIAPIN1
CKAP2	1	0	0	0	CKAP2
CLK3	0	0	0	1	CLK3
CLSPN	1	0	0	0	CLSPN
CNOT4	1	0	0	0	CNOT4
CNTFR	0	0	0	1	CNTFR
CNTN1	0	0	1	0	CNTN1
COL11A1	0	0	1	0	COL11A1
COL5A1	0	0	1	0	COL5A1
COPRS	1	1	0	0	COPRS
COPS2	0	0	0	1	COPS2
COPS3	0	0	0	1	COPS3
COPS4	0	0	0	1	COPS4
COPS5	0	0	0	1	COPS5
COPS6	0	0	0	1	COPS6
COPS7A	0	0	0	1	COPS7A
COPS7B	0	0	0	1	COPS7B
COPS8	0	0	0	1	COPS8
CORO2A	0	1	1	1	CORO2A
CPNE5	0	0	0	1	CPNE5
CPTP	0	0	1	0	CPTP
CRMP1	1	1	0	0	CRMP1
CRTAP	0	0	1	1	CRTAP
CSDE1	0	1	0	0	CSDE1
CSNK2B	0	0	1	0	CSNK2B
CSPG4	1	0	0	1	CSPG4
CSRP1	1	1	1	1	CSRP1
CTBP2	1	0	0	0	CTBP2
CTDSP1	1	0	0	0	CTDSP1
CTDSP2	0	0	0	1	CTDSP2
CUL7	0	0	1	0	CUL7
CYBA	0	0	0	1	CYBA
CYP2C19	0	0	0	1	CYP2C19
DACH2	1	0	1	0	DACH2
DAD1	0	0	0	1	DAD1
DBF4	0	0	1	0	DBF4
DCAF1	0	0	1	0	DCAF1
DCAF16	0	0	0	1	DCAF16
DCAF8	0	0	1	0	DCAF8
DCAF8L1;DCAF8L2	1	0	1	0	DCAF8L1;DCAF8L2
DCD	0	0	0	1	DCD
DCLK1	1	0	0	0	DCLK1
DCXR	0	0	0	1	DCXR
DDRGK1	0	1	0	0	DDRGK1
DHCR24	0	0	1	1	DHCR24
DHFR2	1	0	1	1	DHFR2
DHPS	1	0	0	0	DHPS
DIAPH3	1	0	0	0	DIAPH3
DICER1	0	0	1	0	DICER1
DISP1	0	0	1	0	DISP1
DLGAP5	0	1	0	0	DLGAP5
DLX6	0	0	0	1	DLX6
DMXL1	0	1	0	0	DMXL1
DNAAF10	0	0	1	0	DNAAF10
DNAJA1	0	0	1	0	DNAJA1
DNAJB12	0	0	0	1	DNAJB12
DNAJC18	0	0	1	1	DNAJC18
DNAJC30	0	0	1	1	DNAJC30
DNAJC5	0	1	0	0	DNAJC5
DNAJC7	0	0	1	0	DNAJC7
DNMT3B	0	0	1	1	DNMT3B
DNTTIP1	1	0	0	0	DNTTIP1
DPAGT1	0	0	0	1	DPAGT1
DPCD	0	0	1	0	DPCD
DPM1	0	0	0	1	DPM1
DPM3	0	0	0	1	DPM3
DPYSL4	1	1	0	0	DPYSL4
DR1	0	0	0	1	DR1
DRG2	0	0	1	0	DRG2
DSCAM	0	0	0	1	DSCAM
DTWD2	0	0	1	0	DTWD2
DUSP1	1	0	0	0	DUSP1
DUSP16	1	0	0	0	DUSP16
DUSP4	1	0	0	0	DUSP4
DUSP5	1	0	0	0	DUSP5
DUSP6	1	0	0	0	DUSP6
DUSP7	1	0	0	0	DUSP7
DUSP9	1	0	1	0	DUSP9
DYNLL2	0	0	0	1	DYNLL2
DZIP3	0	0	0	1	DZIP3
EAPP	0	0	0	1	EAPP
ECD	0	1	0	0	ECD
ECHDC1	1	0	1	0	ECHDC1
EDEM1	0	0	0	1	EDEM1
EDIL3	0	0	1	0	EDIL3
EEF1AKMT2	0	0	0	1	EEF1AKMT2
EEF1B2	1	1	1	0	EEF1B2
EEF1D	0	1	1	0	EEF1D
EEF1G	0	1	1	0	EEF1G
EEF2KMT	0	0	1	0	EEF2KMT
EGFL7	0	0	1	0	EGFL7
EGFLAM	0	0	1	0	EGFLAM
EID2	0	1	1	0	EID2
EIF2AK1	0	0	1	0	EIF2AK1
EIF4EBP1	1	0	0	0	EIF4EBP1
EIF4G2	0	0	0	1	EIF4G2
ELMO1	0	1	0	0	ELMO1
ELOVL2	0	0	1	0	ELOVL2
ELOVL7	0	0	0	1	ELOVL7
ELP1	0	0	0	1	ELP1
ELP2	0	0	0	1	ELP2
ELP3	0	0	0	1	ELP3
ELP4	0	0	0	1	ELP4
ELP5	0	0	0	1	ELP5
EMC9	0	0	0	1	EMC9
EMILIN2	0	0	1	0	EMILIN2
EMILIN3	0	0	1	0	EMILIN3
ENGASE	1	0	0	0	ENGASE
ENTR1	0	0	1	0	ENTR1
ERCC6L	0	1	0	0	ERCC6L
ERF	1	0	0	0	ERF
ERICH1	1	0	0	0	ERICH1
ERRFI1	1	0	0	0	ERRFI1
ESRRA	0	0	1	0	ESRRA
ESRRG	0	0	1	0	ESRRG
ETV3	1	0	0	0	ETV3
EYA2	0	0	1	0	EYA2
EYA3	1	0	0	0	EYA3
FADS2	0	0	1	1	FADS2
FADS3	0	0	0	1	FADS3
FAM111B	0	0	1	0	FAM111B
FAM193B	0	1	0	0	FAM193B
FAM200B	0	0	0	1	FAM200B
FAM83D	1	0	0	0	FAM83D
FAM89A	0	0	1	0	FAM89A
FAM91A1	0	0	1	0	FAM91A1
FANCM	0	0	0	1	FANCM
FAR2	0	0	0	1	FAR2
FASN	0	1	0	0	FASN
FBH1	1	1	1	1	FBH1
FBLIM1	0	1	0	0	FBLIM1
FBN1	0	0	0	1	FBN1
FBN2	0	0	1	0	FBN2
FBRS	1	0	0	0	FBRS
FBXL3	0	0	1	0	FBXL3
FBXL6	0	1	0	0	FBXL6
FBXO8	0	0	1	0	FBXO8
FBXW5	0	0	1	0	FBXW5
FBXW8	0	0	1	0	FBXW8
FEM1C	0	0	1	0	FEM1C
FGF12	0	0	1	0	FGF12
FGF13	0	0	1	0	FGF13
FGFR1	1	0	0	0	FGFR1
FIGN	1	0	0	0	FIGN
FIS1	0	0	0	1	FIS1
FKBP4	0	0	1	0	FKBP4
FKBP5	1	1	1	0	FKBP5
FKBP8	0	0	1	0	FKBP8
FKBPL	0	0	1	0	FKBPL
FLII	0	0	1	0	FLII
FLYWCH2	1	0	0	0	FLYWCH2
FNDC10	0	0	0	1	FNDC10
FOXC2	0	0	0	1	FOXC2
FOXN3	1	0	1	0	FOXN3
FOXRED2	0	0	1	0	FOXRED2
FRAT2	1	0	0	0	FRAT2
FRG1	0	0	0	1	FRG1
FRMD4A	1	0	0	0	FRMD4A
FRS2	1	0	0	0	FRS2
FRS3	1	0	0	0	FRS3
FSCN1	0	0	1	0	FSCN1
FSTL4	0	0	1	0	FSTL4
FTSJ1	0	0	1	0	FTSJ1
FUT11	0	0	0	1	FUT11
GAB1	1	0	0	0	GAB1
GABRB3	0	0	1	0	GABRB3
GALNT12	0	0	0	1	GALNT12
GAPDHS	0	0	1	0	GAPDHS
GAS6	0	0	0	1	GAS6
GATD1	0	0	1	0	GATD1
GCNT1	0	0	1	0	GCNT1
GDAP1L1	0	0	1	0	GDAP1L1
GDPD1	0	0	0	1	GDPD1
GET1	0	0	0	1	GET1
GLMN	0	0	1	0	GLMN
GNA11	0	0	0	1	GNA11
GNAI1	0	0	0	1	GNAI1
GNAI2	0	0	0	1	GNAI2
GNAI3	0	0	0	1	GNAI3
GNAO1	0	0	0	1	GNAO1
GNG10	0	0	0	1	GNG10
GNG4	0	0	0	1	GNG4
GNL1	0	0	0	1	GNL1
GPAM	0	0	1	0	GPAM
GPC6	0	0	1	0	GPC6
GPN1	0	0	1	0	GPN1
GPN2	0	0	1	0	GPN2
GPRASP2	0	0	1	0	GPRASP2
GPS1	0	0	0	1	GPS1
GREB1	0	0	1	0	GREB1
GRIK1	0	0	0	1	GRIK1
GRIP1	1	0	0	0	GRIP1
GRSF1	1	0	0	0	GRSF1
GTF2A1	0	0	0	1	GTF2A1
GTSE1	1	0	0	0	GTSE1
GUCD1	0	0	1	1	GUCD1
H1-4	0	0	0	1	H1-4
HAPLN3	0	0	1	0	HAPLN3
HCN4	1	0	0	0	HCN4
HDGFL2	0	0	0	1	HDGFL2
HECTD1	0	0	1	0	HECTD1
HECTD2	0	0	1	0	HECTD2
HERC1	0	0	1	0	HERC1
HERC2	0	0	1	0	HERC2
HGH1	0	0	1	0	HGH1
HGS	0	1	0	0	HGS
HIVEP1	1	0	0	0	HIVEP1
HLA-DQB1	0	0	0	1	HLA-DQB1
HMGCS2	0	0	0	1	HMGCS2
HMGN1	0	0	0	1	HMGN1
HMMR	1	0	0	0	HMMR
HNF4G	0	0	1	0	HNF4G
HPF1	0	0	1	0	HPF1
HPS4	1	0	0	0	HPS4
HRAS	0	0	1	1	HRAS
HSP90AA1	1	1	1	0	HSP90AA1
HSP90AA2P	0	0	1	0	HSP90AA2P
HSP90AA4P	1	1	1	0	HSP90AA4P
HSP90AA5P	1	0	1	0	HSP90AA5P
HSP90AB1	1	1	1	0	HSP90AB1
HSP90AB2P	1	1	1	0	HSP90AB2P
HSP90AB3P	0	1	1	0	HSP90AB3P
HSP90AB4P	1	1	1	0	HSP90AB4P
HSPA1A;HSPA1B	0	1	0	0	HSPA1A;HSPA1B
HSPA1L	0	1	0	0	HSPA1L
HSPA2	0	1	0	0	HSPA2
HSPA4	0	1	0	0	HSPA4
HSPA4L	0	1	1	0	HSPA4L
HSPA5	0	1	1	0	HSPA5
HSPA6	0	1	1	0	HSPA6
HSPA8	0	1	1	0	HSPA8
HSPA9	0	1	0	0	HSPA9
HSPBP1	0	1	1	0	HSPBP1
HSPE1	0	0	0	1	HSPE1
HSPH1	0	1	0	0	HSPH1
HUWE1	0	0	1	0	HUWE1
HYCC2	0	0	1	0	HYCC2
HYI	0	0	1	0	HYI
ID3	1	1	1	1	ID3
IDI1	0	1	1	1	IDI1
IFITM1	0	0	0	1	IFITM1
IFRD2	0	0	0	1	IFRD2
ILK	1	0	0	0	ILK
IPO9	0	0	0	1	IPO9
IPP	1	0	0	0	IPP
IPPK	0	1	1	0	IPPK
IRS2	1	0	1	0	IRS2
IRS4	0	0	1	0	IRS4
ITGA1	0	0	0	1	ITGA1
ITGA4	0	1	0	1	ITGA4
ITPKC	1	0	0	0	ITPKC
ITPR2	0	0	1	0	ITPR2
ITPR3	0	0	1	0	ITPR3
JAG2	0	0	1	0	JAG2
JUNB	0	1	0	0	JUNB
KATNAL1	1	0	0	0	KATNAL1
KATNIP	1	0	0	0	KATNIP
KCNQ2	0	0	1	0	KCNQ2
KCTD10	0	1	1	1	KCTD10
KCTD12	0	0	1	0	KCTD12
KCTD16	0	0	0	1	KCTD16
KCTD20	1	0	0	0	KCTD20
KDM2A	0	0	1	0	KDM2A
KDM8	1	1	0	0	KDM8
KEAP1	0	1	1	0	KEAP1
KIAA0232	0	0	1	0	KIAA0232
KIDINS220	1	0	0	0	KIDINS220
KIF11	0	0	0	1	KIF11
KIF13A	0	0	1	0	KIF13A
KIF16B	1	0	0	0	KIF16B
KIF7	1	0	0	0	KIF7
KIFBP	0	0	1	0	KIFBP
KLHL12	0	0	1	0	KLHL12
KLHL13	0	1	0	0	KLHL13
KLHL15	0	0	1	0	KLHL15
KLHL18	0	0	1	0	KLHL18
KLHL21	0	0	1	0	KLHL21
KLHL25	0	0	1	0	KLHL25
KMT5A	0	0	1	0	KMT5A
KNSTRN	0	1	0	0	KNSTRN
KPRP	0	0	0	1	KPRP
KRAS	0	0	1	1	KRAS
KSR1	0	1	0	0	KSR1
KSR2	0	1	0	0	KSR2
LACTB	0	0	1	1	LACTB
LARGE2	0	0	1	0	LARGE2
LCLAT1	0	0	0	1	LCLAT1
LDLRAD3	0	0	1	0	LDLRAD3
LEMD2	1	0	0	0	LEMD2
LEMD3	1	0	0	0	LEMD3
LGALS3BP	0	0	1	0	LGALS3BP
LGALS7	0	0	0	1	LGALS7
LGALS8	0	0	1	1	LGALS8
LHX4	1	0	0	0	LHX4
LIMS1	1	0	0	0	LIMS1
LMBRD2	1	0	0	0	LMBRD2
LMO1	1	0	1	0	LMO1
LONP1	1	0	1	0	LONP1
LRCH3	0	1	0	0	LRCH3
LRP2	0	0	1	0	LRP2
LRP5	0	0	1	0	LRP5
LRP6	0	0	1	0	LRP6
LRRC1	0	0	1	0	LRRC1
LSAMP	1	1	1	1	LSAMP
LSS	0	0	1	0	LSS
LTBP4	0	0	0	1	LTBP4
LYN	0	0	0	1	LYN
LYPLA2	0	0	1	0	LYPLA2
LZTR1	0	0	0	1	LZTR1
MAGED1	0	1	0	0	MAGED1
MAGED4	0	0	1	0	MAGED4
MAGT1	0	0	0	1	MAGT1
MAP2K1	0	1	1	0	MAP2K1
MAP2K2	1	1	1	0	MAP2K2
MAP3K8	0	1	0	0	MAP3K8
MAPK1	1	1	0	0	MAPK1
MAPK14	0	0	0	1	MAPK14
MAPK3	1	0	0	0	MAPK3
MAPK4	1	0	1	0	MAPK4
MAPK6	0	0	1	0	MAPK6
MAPK8IP2	0	0	1	0	MAPK8IP2
MAPK8IP3	0	0	1	0	MAPK8IP3
MARCHF6	0	0	1	0	MARCHF6
MARCHF7	0	0	1	0	MARCHF7
MARK3	0	0	1	0	MARK3
MAT2A	0	1	1	1	MAT2A
MB21D2	0	1	1	0	MB21D2
MCM4	0	0	1	0	MCM4
MCMBP	0	0	1	0	MCMBP
MDK	0	0	0	1	MDK
MEA1	0	1	0	0	MEA1
MEST	1	1	1	1	MEST
METAP2	0	0	1	0	METAP2
MFAP2	0	0	0	1	MFAP2
MFAP3	0	1	0	0	MFAP3
MIDEAS	1	0	0	0	MIDEAS
MKNK1	1	0	0	0	MKNK1
MKNK2	1	1	0	0	MKNK2
MLH3	0	0	1	0	MLH3
MOK	0	0	0	1	MOK
MPLKIP	0	0	1	0	MPLKIP
MRAP2	0	0	0	1	MRAP2
MRTFA	1	0	0	0	MRTFA
MRTFB	1	0	0	0	MRTFB
MTAP	0	0	0	1	MTAP
MTCL1	0	0	1	0	MTCL1
MTCL2	0	0	1	0	MTCL2
MTF1	0	0	0	1	MTF1
MTHFD2L	0	0	1	0	MTHFD2L
MTHFR	0	0	0	1	MTHFR
MTR	0	0	1	0	MTR
MTRR	0	1	0	0	MTRR
MYH9	1	0	0	0	MYH9
MYO1B	0	0	1	0	MYO1B
MYO1C	0	0	1	1	MYO1C
MYOM2	0	0	0	1	MYOM2
MYPN	0	1	0	0	MYPN
MZT1	1	0	1	0	MZT1
MZT2B	1	0	0	0	MZT2B
NAA15	0	0	1	0	NAA15
NAA20	0	0	1	0	NAA20
NANS	0	0	1	0	NANS
NCKAP5L	1	0	0	0	NCKAP5L
NDRG2	0	1	0	1	NDRG2
NECAP1	1	0	0	0	NECAP1
NEDD1	1	0	0	0	NEDD1
NEDD9	0	1	0	0	NEDD9
NEFL	0	0	1	0	NEFL
NEK3	1	0	0	0	NEK3
NEK8	0	0	1	0	NEK8
NELFA	1	0	0	0	NELFA
NEO1	1	0	0	0	NEO1
NFE2L1	1	0	0	0	NFE2L1
NFU1	0	0	0	1	NFU1
NISCH	0	0	1	0	NISCH
NKAPL	0	0	0	1	NKAPL
NLGN4Y	1	0	0	0	NLGN4Y
NMU	0	0	1	0	NMU
NOTCH1	1	0	0	0	NOTCH1
NR2F1	0	0	1	0	NR2F1
NR2F2	0	0	0	1	NR2F2
NRAS	0	0	1	1	NRAS
NRBP1	0	0	1	0	NRBP1
NRBP2	0	0	1	0	NRBP2
NT5C	0	0	1	0	NT5C
NTMT1	0	1	0	0	NTMT1
NTS	0	1	1	1	NTS
NUCKS1	0	0	0	1	NUCKS1
NUDC	0	0	1	0	NUDC
NUDCD2	0	0	1	0	NUDCD2
NUDCD3	0	0	1	0	NUDCD3
NUDT4B	0	0	1	0	NUDT4B
NUP58	1	0	0	0	NUP58
NUS1	0	0	1	0	NUS1
NUTF2	0	0	0	1	NUTF2
OBI1	0	0	1	0	OBI1
OCIAD2	1	0	0	0	OCIAD2
OCLN	0	0	0	1	OCLN
OGDH	0	0	1	0	OGDH
OGFR	1	0	0	0	OGFR
OLA1	0	0	0	1	OLA1
ORMDL2	0	1	1	1	ORMDL2
OS9	0	0	1	1	OS9
OSER1	0	1	0	0	OSER1
OTUD3	0	1	0	0	OTUD3
OTUD4	0	1	0	0	OTUD4
OTUD5	1	0	0	0	OTUD5
OTULINL	0	0	0	1	OTULINL
P3H1	0	0	1	0	P3H1
P3H2	0	0	1	0	P3H2
P3H3	0	0	1	0	P3H3
P3H4	0	0	1	1	P3H4
P4HA1	0	0	1	0	P4HA1
P4HA2	0	0	1	0	P4HA2
P4HB	0	0	1	0	P4HB
PADI2	0	0	1	0	PADI2
PAFAH1B2	0	0	1	0	PAFAH1B2
PAICS	0	0	0	1	PAICS
PAIP2	1	1	0	1	PAIP2
PALMD	1	0	0	0	PALMD
PAQR7	0	0	0	1	PAQR7
PAQR9	0	0	0	1	PAQR9
PARVA	1	0	0	0	PARVA
PARVB	1	0	0	0	PARVB
PASK	0	0	1	0	PASK
PBK	0	0	1	0	PBK
PCDH18	0	0	1	0	PCDH18
PCDH19	1	0	0	0	PCDH19
PCLAF	1	1	1	1	PCLAF
PDCD2	0	0	1	0	PDCD2
PDCD6IP	1	0	0	0	PDCD6IP
PDGFD	0	0	0	1	PDGFD
PDRG1	0	0	1	0	PDRG1
PDZRN3	0	1	1	0	PDZRN3
PEA15	1	0	0	0	PEA15
PEG10	1	1	0	0	PEG10
PELI2	0	1	0	0	PELI2
PER1	0	0	1	0	PER1
PEX11A	0	0	0	1	PEX11A
PEX14	0	0	0	1	PEX14
PFDN2	0	0	1	0	PFDN2
PFDN6	0	0	1	0	PFDN6
PFKP	0	0	1	1	PFKP
PFN2	0	0	0	1	PFN2
PGAM1	0	1	0	0	PGAM1
PHTF2	0	0	1	0	PHTF2
PHYH	0	0	0	1	PHYH
PIGB	0	0	0	1	PIGB
PIGS	0	0	0	1	PIGS
PIH1D2	0	1	0	1	PIH1D2
PIK3CA	0	0	0	1	PIK3CA
PIK3R1	0	0	1	0	PIK3R1
PIK3R2	0	0	1	0	PIK3R2
PIK3R3	1	0	1	0	PIK3R3
PIN1	0	1	0	0	PIN1
PINX1	1	0	0	0	PINX1
PJA1	0	0	1	0	PJA1
PJA2	0	0	1	0	PJA2
PKHD1L1	1	0	0	0	PKHD1L1
PKM	0	0	0	1	PKM
PLA2G3	0	0	1	0	PLA2G3
PLCD1	0	0	0	1	PLCD1
PLEKHF1	0	0	0	1	PLEKHF1
PLGRKT	0	0	0	1	PLGRKT
PLOD2	0	0	1	0	PLOD2
PNMA1	0	0	1	0	PNMA1
PNMA2	1	0	1	1	PNMA2
POLR1D	0	0	1	0	POLR1D
POLR2G	0	0	1	0	POLR2G
POLR2I	0	1	0	0	POLR2I
POLR2L	0	0	1	0	POLR2L
POM121	1	0	0	0	POM121
POMP	0	1	0	0	POMP
PPIB	0	0	0	1	PPIB
PPID	0	0	1	0	PPID
PPM1G	0	0	1	1	PPM1G
PPM1L	1	0	0	0	PPM1L
PPP1R15B	0	0	1	0	PPP1R15B
PPP4R3B	0	0	1	0	PPP4R3B
PPP4R4	0	0	1	0	PPP4R4
PPP5C	0	0	1	0	PPP5C
PPP6C	0	0	1	0	PPP6C
PPP6R1	0	0	1	0	PPP6R1
PPP6R2	0	0	1	0	PPP6R2
PPP6R3	0	0	1	0	PPP6R3
PPT2	0	1	0	0	PPT2
PRCC	1	0	0	0	PRCC
PRDM6	0	0	1	0	PRDM6
PREX2	0	1	1	0	PREX2
PRKACA	0	0	1	0	PRKACA
PRKACB	0	0	1	0	PRKACB
PRKAR1A	0	0	1	0	PRKAR1A
PRKAR1B	0	0	1	0	PRKAR1B
PRMT2	0	0	1	0	PRMT2
PRPF39	1	0	0	0	PRPF39
PRRC2B	1	0	0	0	PRRC2B
PRRT4	0	0	0	1	PRRT4
PSMB4	0	0	1	0	PSMB4
PSMC2	1	1	0	0	PSMC2
PSMC5	1	1	1	1	PSMC5
PSMD1	0	0	0	1	PSMD1
PSMD11	0	0	0	1	PSMD11
PSMD12	0	0	0	1	PSMD12
PSMD13	0	0	0	1	PSMD13
PSMD2	0	0	0	1	PSMD2
PSMD3	1	0	0	0	PSMD3
PSMD7	0	0	0	1	PSMD7
PTMA	0	0	0	1	PTMA
PTPDC1	1	0	0	0	PTPDC1
PTPRZ1	1	0	1	0	PTPRZ1
PXMP2	0	0	0	1	PXMP2
Q6ZSR9	0	1	0	0	Q6ZSR9
RAB11FIP3	0	0	1	0	RAB11FIP3
RAB32	0	1	1	1	RAB32
RAB3C	0	1	0	0	RAB3C
RADIL	0	0	0	1	RADIL
RAF1	0	1	1	1	RAF1
RAI2	1	0	0	0	RAI2
RALGDS	0	0	0	1	RALGDS
RAP1B	0	0	0	1	RAP1B
RAP1GAP	1	0	0	0	RAP1GAP
RAP1GDS1	0	0	0	1	RAP1GDS1
RAPGEF6	0	0	1	0	RAPGEF6
RASGRF2	0	0	0	1	RASGRF2
RAVER1	1	0	0	0	RAVER1
RBM15B	0	0	0	1	RBM15B
RBM4	0	0	0	1	RBM4
RBM4B	0	0	0	1	RBM4B
RDH11	0	0	0	1	RDH11
REEP4	0	0	0	1	REEP4
RFT1	0	0	0	1	RFT1
RGL1	0	0	0	1	RGL1
RGL2	0	0	0	1	RGL2
RHBDD1	0	0	1	0	RHBDD1
RHBDF1	1	0	0	0	RHBDF1
RHBDF2	1	0	0	0	RHBDF2
RIMKLB	0	1	0	0	RIMKLB
RIOK1	0	0	0	1	RIOK1
RIPK4	0	0	1	0	RIPK4
RIT1	0	0	1	0	RIT1
RNF11	0	0	0	1	RNF11
RNF41	0	0	1	1	RNF41
RNH1	0	0	0	1	RNH1
RP2	0	0	0	1	RP2
RP9	0	0	1	0	RP9
RPA1	0	1	1	1	RPA1
RPA2	0	1	1	1	RPA2
RPA3	0	1	1	1	RPA3
RPAP1	0	0	1	0	RPAP1
RPAP2	0	0	1	0	RPAP2
RPAP3	0	0	1	0	RPAP3
RPL39;RPL39P5	0	0	0	1	RPL39;RPL39P5
RPN1	0	0	0	1	RPN1
RPN2	0	0	0	1	RPN2
RPS6KA1	1	0	0	0	RPS6KA1
RPS6KA2	1	0	0	0	RPS6KA2
RPS6KA3	1	0	0	0	RPS6KA3
RPS6KA4	1	0	1	0	RPS6KA4
RPS6KA5	1	0	0	0	RPS6KA5
RPS6KA6	1	0	0	0	RPS6KA6
RPTOR	0	0	1	0	RPTOR
RRAS2	0	0	1	1	RRAS2
RRM2	0	1	0	0	RRM2
RSU1	1	0	0	0	RSU1
RTKN2	1	0	0	0	RTKN2
RUVBL1	0	0	1	0	RUVBL1
RUVBL2	0	0	1	0	RUVBL2
S100A10	0	0	0	1	S100A10
SARAF	0	0	1	0	SARAF
SAYSD1	1	0	0	0	SAYSD1
SC5D	0	0	1	0	SC5D
SCARF2	1	0	0	0	SCARF2
SCD	0	0	1	1	SCD
SCD5	0	0	1	1	SCD5
SCML1	1	1	1	1	SCML1
SCNM1	0	0	0	1	SCNM1
SCRIB	0	1	0	0	SCRIB
SCRN3	1	0	0	0	SCRN3
SDHC	0	0	1	0	SDHC
SDR39U1	0	0	0	1	SDR39U1
SEC13	1	0	1	0	SEC13
SEC16A	1	0	1	0	SEC16A
SEL1L	0	0	1	0	SEL1L
SELENOK	1	0	0	0	SELENOK
SELENOS	0	0	1	1	SELENOS
SENP3	0	0	1	0	SENP3
SENP6	1	0	0	0	SENP6
SERF1A	0	0	1	0	SERF1A
SERF2	0	0	1	1	SERF2
SERINC1	1	0	0	0	SERINC1
SERINC3	0	0	0	1	SERINC3
SESN3	0	1	1	1	SESN3
SETD4	0	0	0	1	SETD4
SFN	0	0	1	0	SFN
SGK1	1	1	1	0	SGK1
SGTA	0	0	1	0	SGTA
SH3GLB2	0	0	1	0	SH3GLB2
SHANK3	1	0	0	0	SHANK3
SHOC2	0	0	0	1	SHOC2
SIRT1	0	0	1	1	SIRT1
SIRT2	0	0	1	1	SIRT2
SIVA1	1	0	1	1	SIVA1
SLC16A7	1	1	1	1	SLC16A7
SLC19A1	0	0	1	0	SLC19A1
SLC19A2	0	0	0	1	SLC19A2
SLC22A23	1	0	0	0	SLC22A23
SLC25A6	0	1	0	0	SLC25A6
SLC26A2	0	0	0	1	SLC26A2
SLC27A6	0	0	1	0	SLC27A6
SLC30A4	1	0	0	0	SLC30A4
SLC30A7	0	0	0	1	SLC30A7
SLC35A2	0	1	0	0	SLC35A2
SLC35B2	0	0	0	1	SLC35B2
SLC35F1	0	0	0	1	SLC35F1
SLIT2	0	0	1	0	SLIT2
SMAP	0	0	0	1	SMAP
SMIM26	0	0	1	1	SMIM26
SMYD2	0	0	1	0	SMYD2
SMYD3	0	0	1	0	SMYD3
SMYD4	0	0	1	0	SMYD4
SNF8	0	1	0	0	SNF8
SNX17	0	1	0	0	SNX17
SNX22	0	0	1	0	SNX22
SNX33	0	0	1	0	SNX33
SOAT1	0	0	0	1	SOAT1
SOD1	1	1	0	1	SOD1
SORL1	0	0	1	0	SORL1
SOWAHB	1	0	0	0	SOWAHB
SOWAHD	0	0	1	0	SOWAHD
SOX18	0	0	0	1	SOX18
SOX7	1	0	0	0	SOX7
SPAG1	0	0	1	0	SPAG1
SPAG5	0	1	0	0	SPAG5
SPART	1	0	0	0	SPART
SPOCK1	0	0	1	0	SPOCK1
SPON1	0	0	1	0	SPON1
SPRED1	1	0	0	0	SPRED1
SPRED2	1	0	0	0	SPRED2
SPRR1B;SPRR1A	0	0	0	1	SPRR1B;SPRR1A
SPRYD3	1	0	0	0	SPRYD3
SPRYD4	0	1	0	0	SPRYD4
SPTAN1	0	0	1	0	SPTAN1
SPTBN1	0	0	1	0	SPTBN1
SQOR	0	1	1	1	SQOR
SQSTM1	0	0	1	0	SQSTM1
SREBF1	0	0	1	0	SREBF1
SRI	0	0	0	1	SRI
SRPX	0	0	0	1	SRPX
SRRD	0	0	1	1	SRRD
SSBP2	0	0	1	0	SSBP2
SSU72	0	0	0	1	SSU72
STAM	0	1	0	0	STAM
STIP1	0	0	1	0	STIP1
STMN3	1	0	0	1	STMN3
STT3A	0	0	0	1	STT3A
STT3B	0	0	0	1	STT3B
STUB1	0	0	1	0	STUB1
SUGT1	0	0	1	0	SUGT1
SULF2	0	0	0	1	SULF2
SUN2	0	0	0	1	SUN2
SUPT20H	1	0	0	0	SUPT20H
SUPT3H	1	0	0	0	SUPT3H
SUPT7L	1	0	0	0	SUPT7L
SYDE2	1	0	0	0	SYDE2
SYNGR3	0	0	1	0	SYNGR3
SYT14	1	0	0	0	SYT14
SYT3	0	0	1	0	SYT3
TADA1	1	0	0	0	TADA1
TAF1A	0	0	0	1	TAF1A
TAF5L	1	0	0	0	TAF5L
TAF7	1	0	0	0	TAF7
TANGO6	0	0	1	0	TANGO6
TAOK2	0	0	1	0	TAOK2
TARBP2	0	0	1	0	TARBP2
TAX1BP3	0	1	0	0	TAX1BP3
TBC1D4	0	0	1	0	TBC1D4
TCEAL1	0	0	0	1	TCEAL1
TCEAL7	0	0	1	0	TCEAL7
TCF3	1	0	0	0	TCF3
TCOF1	0	0	0	1	TCOF1
TCP1	0	0	1	0	TCP1
TDRP	1	0	0	0	TDRP
TECPR1	0	0	1	0	TECPR1
TELO2	0	0	1	1	TELO2
TENT2	0	0	1	0	TENT2
TFPI2	0	0	1	1	TFPI2
THAP1	0	0	0	1	THAP1
THBS1	0	1	1	0	THBS1
THRA	0	0	0	1	THRA
THRB	1	0	0	0	THRB
THSD1	0	0	1	0	THSD1
TIMP1	1	0	0	0	TIMP1
TLCD2	0	0	0	1	TLCD2
TLCD4	0	0	0	1	TLCD4
TMEFF2	0	0	1	0	TMEFF2
TMEM128	0	0	0	1	TMEM128
TMEM161A	0	0	0	1	TMEM161A
TMEM201	1	0	0	0	TMEM201
TMEM214	0	0	0	1	TMEM214
TMEM256	0	0	0	1	TMEM256
TMEM33	1	0	0	0	TMEM33
TMEM38A	0	0	0	1	TMEM38A
TMEM74	0	0	0	1	TMEM74
TMT1A	0	0	0	1	TMT1A
TNFAIP1	0	0	1	1	TNFAIP1
TNFRSF10D	0	0	1	0	TNFRSF10D
TNPO1	0	0	0	1	TNPO1
TNRC6A	1	1	0	0	TNRC6A
TNRC6B	1	0	0	0	TNRC6B
TNRC6C	1	1	0	0	TNRC6C
TOB1	1	1	0	0	TOB1
TOB2	1	0	0	0	TOB2
TOMM34	0	0	1	0	TOMM34
TOMM40	0	0	1	0	TOMM40
TOMM70	0	0	1	0	TOMM70
TP53	0	0	1	0	TP53
TP73	1	0	0	0	TP73
TPRA1	0	1	0	1	TPRA1
TRAF7	0	0	0	1	TRAF7
TRAK2	0	0	1	0	TRAK2
TRAPPC6B	0	0	1	0	TRAPPC6B
TRERF1	1	0	0	0	TRERF1
TRIB1	0	0	1	0	TRIB1
TRIB3	0	0	1	0	TRIB3
TRIM26	0	1	0	0	TRIM26
TRIM27	0	0	1	0	TRIM27
TRIM37	0	0	1	0	TRIM37
TRIP12	1	0	0	0	TRIP12
TRPS1	1	0	0	0	TRPS1
TSC22D3	0	0	1	0	TSC22D3
TSPYL2	0	0	1	0	TSPYL2
TTC1	0	0	1	0	TTC1
TTC39B	0	0	0	1	TTC39B
TTC4	0	0	1	0	TTC4
TTC9C	0	0	1	0	TTC9C
TTK	0	1	0	0	TTK
TTLL4	1	1	0	0	TTLL4
TUBG1	1	0	0	0	TUBG1
TUBG2	1	0	0	0	TUBG2
TUBGCP2	1	0	1	0	TUBGCP2
TUBGCP3	1	0	1	0	TUBGCP3
TUBGCP4	1	0	0	0	TUBGCP4
TUBGCP5	1	0	0	0	TUBGCP5
TUBGCP6	1	0	1	0	TUBGCP6
TUG1	0	1	1	0	TUG1
TUSC3	0	0	0	1	TUSC3
TWNK	0	0	0	1	TWNK
TXLNA	0	1	0	0	TXLNA
TXLNB	0	1	0	0	TXLNB
TXLNG	0	1	0	0	TXLNG
TXNL1	0	0	0	1	TXNL1
UBAP2	1	1	0	0	UBAP2
UBAP2L	0	1	0	0	UBAP2L
UBE2R2	0	0	0	1	UBE2R2
UBE4A	0	0	1	0	UBE4A
UBIAD1	0	0	1	0	UBIAD1
UBL5	1	1	1	1	UBL5
UBP1	0	0	0	1	UBP1
UBR5	1	0	1	0	UBR5
UBTD1	0	0	0	1	UBTD1
UBXN4	0	0	1	0	UBXN4
UBXN7	0	0	0	1	UBXN7
UBXN8	0	1	0	0	UBXN8
UCHL3	1	0	0	0	UCHL3
UCK2	0	0	1	0	UCK2
UNC45A	0	0	1	0	UNC45A
UQCRFS1P1	0	0	0	1	UQCRFS1P1
URI1	0	0	1	0	URI1
USP16	0	1	0	0	USP16
USP19	0	0	1	0	USP19
USP24	1	0	0	0	USP24
USP25	0	0	0	1	USP25
USP34	0	0	1	0	USP34
USP47	1	0	0	1	USP47
USP7	0	0	0	1	USP7
USP9X	0	1	1	0	USP9X
USP9Y	0	1	1	0	USP9Y
USPL1	1	0	0	0	USPL1
UTP6	0	0	1	0	UTP6
UXT	0	0	1	0	UXT
VAMP1	0	1	0	0	VAMP1
VCAN	0	0	1	1	VCAN
WASH3P	1	0	0	0	WASH3P
WASH6P	1	0	0	0	WASH6P
WDR11	0	0	1	0	WDR11
WDR6	0	0	1	0	WDR6
WDR7	0	1	0	0	WDR7
WDR87	0	0	1	0	WDR87
WDTC1	0	0	1	0	WDTC1
WNT11	0	0	1	0	WNT11
WRNIP1	1	0	0	0	WRNIP1
WSB1	0	0	1	0	WSB1
WWTR1	1	1	0	0	WWTR1
XPNPEP3	1	1	1	1	XPNPEP3
XPR1	1	0	0	0	XPR1
XXYLT1	0	0	0	1	XXYLT1
YAP1	1	0	0	0	YAP1
YES1	0	0	0	1	YES1
YKT6	0	1	0	0	YKT6
YWHAB	0	1	1	0	YWHAB
YWHAE	0	1	1	0	YWHAE
YWHAG	0	1	1	0	YWHAG
YWHAH	0	1	1	0	YWHAH
YWHAQ	0	1	1	0	YWHAQ
YWHAZ	0	1	1	0	YWHAZ
YY1AP1	1	0	0	0	YY1AP1
ZBED1	1	0	0	0	ZBED1
ZBTB10	0	0	0	1	ZBTB10
ZBTB21	1	0	0	0	ZBTB21
ZBTB39	0	0	1	0	ZBTB39
ZBTB43	0	0	0	1	ZBTB43
ZCCHC12	1	0	0	0	ZCCHC12
ZCCHC2	1	1	0	0	ZCCHC2
ZDHHC6	0	0	0	1	ZDHHC6
ZFP1	1	0	0	0	ZFP1
ZFTRAF1	0	0	0	1	ZFTRAF1
ZFYVE16	1	1	0	0	ZFYVE16
ZIC2	0	0	0	1	ZIC2
ZIC5	0	0	0	1	ZIC5
ZMAT2	1	0	0	0	ZMAT2
ZNF100	0	0	1	0	ZNF100
ZNF117	0	0	0	1	ZNF117
ZNF318	1	0	0	0	ZNF318
ZNF395	1	0	1	0	ZNF395
ZNF480	0	0	1	0	ZNF480
ZNF507	0	0	1	0	ZNF507
ZNF582	0	0	1	0	ZNF582
ZNF594	0	0	0	1	ZNF594
ZNF596	0	0	0	1	ZNF596
ZNF630	0	0	0	1	ZNF630
ZNF723	0	0	0	1	ZNF723
ZNF816	0	0	1	0	ZNF816
ZNF83	0	0	0	1	ZNF83
ZNF835	0	0	1	0	ZNF835
ZNF91	0	0	1	0	ZNF91
ZNHIT2	0	0	1	0	ZNHIT2
ZNRF1	0	1	0	0	ZNRF1
ZSWIM8	0	0	1	0	ZSWIM8
ZXDC	1	0	0	0	ZXDC
