tier	prey	n	type	Prey	percent	method
RAS	tier-specific	102	WT	tier-specific	87.18	AP-MS
RAF	tier-specific	235	WT	tier-specific	81.88	AP-MS
MEK	tier-specific	24	WT	tier-specific	41.38	AP-MS
ERK	tier-specific	103	WT	tier-specific	75.74	AP-MS
RAS	RASRAFMEK	4	WT	inter-tier	3.42	AP-MS
RAF	RASRAFMEK	4	WT	inter-tier	1.39	AP-MS
MEK	RASRAFMEK	4	WT	inter-tier	6.9	AP-MS
RAS	RASRAF	4	WT	inter-tier	3.42	AP-MS
RAF	RASRAF	4	WT	inter-tier	1.39	AP-MS
RAF	RAFMEK	17	WT	inter-tier	5.92	AP-MS
MEK	RAFMEK	17	WT	inter-tier	29.31	AP-MS
MEK	MEKERK	3	WT	inter-tier	5.17	AP-MS
ERK	MEKERK	3	WT	inter-tier	2.21	AP-MS
RAS	other	7	WT	inter-tier	5.98	AP-MS
RAF	other	27	WT	inter-tier	9.41	AP-MS
MEK	other	10	WT	inter-tier	17.24	AP-MS
ERK	other	30	WT	inter-tier	22.06	AP-MS
RAS	tier-specific	166	CI	tier-specific	81.77	AP-MS
RAF	tier-specific	198	CI	tier-specific	83.54	AP-MS
MEK	tier-specific	44	CI	tier-specific	59.46	AP-MS
ERK	tier-specific	60	CI	tier-specific	64.52	AP-MS
RAS	RASRAFMEK	0	CI	inter-tier	0	AP-MS
RAF	RASRAFMEK	0	CI	inter-tier	0	AP-MS
MEK	RASRAFMEK	0	CI	inter-tier	0	AP-MS
RAS	RASRAF	10	CI	inter-tier	4.93	AP-MS
RAF	RASRAF	10	CI	inter-tier	4.22	AP-MS
RAF	RAFMEK	18	CI	inter-tier	7.59	AP-MS
MEK	RAFMEK	18	CI	inter-tier	24.32	AP-MS
MEK	MEKERK	1	CI	inter-tier	1.35	AP-MS
ERK	MEKERK	1	CI	inter-tier	1.08	AP-MS
RAS	other	27	CI	inter-tier	13.3	AP-MS
RAF	other	11	CI	inter-tier	4.64	AP-MS
MEK	other	11	CI	inter-tier	14.86	AP-MS
ERK	other	32	CI	inter-tier	34.41	AP-MS
RAS	tier-specific	243	CA	tier-specific	73.19	AP-MS
RAF	tier-specific	302	CA	tier-specific	64.39	AP-MS
MEK	tier-specific	239	CA	tier-specific	61.44	AP-MS
ERK	tier-specific	40	CA	tier-specific	56.34	AP-MS
RAS	RASRAFMEK	31	CA	inter-tier	9.34	AP-MS
RAF	RASRAFMEK	31	CA	inter-tier	6.61	AP-MS
MEK	RASRAFMEK	31	CA	inter-tier	7.97	AP-MS
RAS	RASRAF	25	CA	inter-tier	7.53	AP-MS
RAF	RASRAF	25	CA	inter-tier	5.33	AP-MS
RAF	RAFMEK	94	CA	inter-tier	20.04	AP-MS
MEK	RAFMEK	94	CA	inter-tier	24.16	AP-MS
MEK	MEKERK	2	CA	inter-tier	0.51	AP-MS
ERK	MEKERK	2	CA	inter-tier	2.82	AP-MS
RAS	other	33	CA	inter-tier	9.94	AP-MS
RAF	other	17	CA	inter-tier	3.62	AP-MS
MEK	other	23	CA	inter-tier	5.91	AP-MS
ERK	other	29	CA	inter-tier	40.85	AP-MS
RAS	tier-specific	158	WT	tier-specific	72.81	TbID
RAF	tier-specific	150	WT	tier-specific	65.79	TbID
MEK	tier-specific	58	WT	tier-specific	50.43	TbID
ERK	tier-specific	113	WT	tier-specific	75.84	TbID
RAS	RASRAFMEK	13	WT	inter-tier	5.99	TbID
RAF	RASRAFMEK	13	WT	inter-tier	5.7	TbID
MEK	RASRAFMEK	13	WT	inter-tier	11.3	TbID
RAS	RASRAF	30	WT	inter-tier	13.82	TbID
RAF	RASRAF	30	WT	inter-tier	13.16	TbID
RAF	RAFMEK	13	WT	inter-tier	5.7	TbID
MEK	RAFMEK	13	WT	inter-tier	11.3	TbID
MEK	MEKERK	12	WT	inter-tier	10.43	TbID
ERK	MEKERK	12	WT	inter-tier	8.05	TbID
RAS	other	16	WT	inter-tier	7.37	TbID
RAF	other	22	WT	inter-tier	9.65	TbID
MEK	other	19	WT	inter-tier	16.52	TbID
ERK	other	24	WT	inter-tier	16.11	TbID
RAS	tier-specific	204	CI	tier-specific	73.12	TbID
RAF	tier-specific	230	CI	tier-specific	71.65	TbID
MEK	tier-specific	112	CI	tier-specific	71.34	TbID
ERK	tier-specific	61	CI	tier-specific	45.52	TbID
RAS	RASRAFMEK	3	CI	inter-tier	1.08	TbID
RAF	RASRAFMEK	3	CI	inter-tier	0.93	TbID
MEK	RASRAFMEK	3	CI	inter-tier	1.91	TbID
RAS	RASRAF	20	CI	inter-tier	7.17	TbID
RAF	RASRAF	20	CI	inter-tier	6.23	TbID
RAF	RAFMEK	14	CI	inter-tier	4.36	TbID
MEK	RAFMEK	14	CI	inter-tier	8.92	TbID
MEK	MEKERK	4	CI	inter-tier	2.55	TbID
ERK	MEKERK	4	CI	inter-tier	2.99	TbID
RAS	other	52	CI	inter-tier	18.64	TbID
RAF	other	54	CI	inter-tier	16.82	TbID
MEK	other	24	CI	inter-tier	15.29	TbID
ERK	other	69	CI	inter-tier	51.49	TbID
RAS	tier-specific	279	CA	tier-specific	60.52	TbID
RAF	tier-specific	335	CA	tier-specific	53.95	TbID
MEK	tier-specific	283	CA	tier-specific	59.08	TbID
ERK	tier-specific	55	CA	tier-specific	51.89	TbID
RAS	RASRAFMEK	40	CA	inter-tier	8.68	TbID
RAF	RASRAFMEK	40	CA	inter-tier	6.44	TbID
MEK	RASRAFMEK	40	CA	inter-tier	8.35	TbID
RAS	RASRAF	89	CA	inter-tier	19.31	TbID
RAF	RASRAF	89	CA	inter-tier	14.33	TbID
RAF	RAFMEK	114	CA	inter-tier	18.36	TbID
MEK	RAFMEK	114	CA	inter-tier	23.8	TbID
MEK	MEKERK	2	CA	inter-tier	0.42	TbID
ERK	MEKERK	2	CA	inter-tier	1.89	TbID
RAS	other	53	CA	inter-tier	11.5	TbID
RAF	other	43	CA	inter-tier	6.92	TbID
MEK	other	40	CA	inter-tier	8.35	TbID
ERK	other	49	CA	inter-tier	46.23	TbID
RAS	tier-specific	247	WT	tier-specific	76.95	Combined
RAF	tier-specific	325	WT	tier-specific	71.43	Combined
MEK	tier-specific	75	WT	tier-specific	45.18	Combined
ERK	tier-specific	185	WT	tier-specific	71.71	Combined
RAS	RASRAFMEK	15	WT	inter-tier	4.67	Combined
RAF	RASRAFMEK	15	WT	inter-tier	3.3	Combined
MEK	RASRAFMEK	15	WT	inter-tier	9.04	Combined
RAS	RASRAF	34	WT	inter-tier	10.59	Combined
RAF	RASRAF	34	WT	inter-tier	7.47	Combined
RAF	RAFMEK	29	WT	inter-tier	6.37	Combined
MEK	RAFMEK	29	WT	inter-tier	17.47	Combined
MEK	MEKERK	16	WT	inter-tier	9.64	Combined
ERK	MEKERK	16	WT	inter-tier	6.2	Combined
RAS	other	25	WT	inter-tier	7.79	Combined
RAF	other	52	WT	inter-tier	11.43	Combined
MEK	other	31	WT	inter-tier	18.67	Combined
ERK	other	57	WT	inter-tier	22.09	Combined
RAS	tier-specific	334	Inactive	tier-specific	73.73	Combined
RAF	tier-specific	374	Inactive	tier-specific	73.62	Combined
MEK	tier-specific	147	Inactive	tier-specific	65.62	Combined
ERK	tier-specific	98	Inactive	tier-specific	48.28	Combined
RAS	RASRAFMEK	3	Inactive	inter-tier	0.66	Combined
RAF	RASRAFMEK	3	Inactive	inter-tier	0.59	Combined
MEK	RASRAFMEK	3	Inactive	inter-tier	1.34	Combined
RAS	RASRAF	35	Inactive	inter-tier	7.73	Combined
RAF	RASRAF	35	Inactive	inter-tier	6.89	Combined
RAF	RAFMEK	31	Inactive	inter-tier	6.1	Combined
MEK	RAFMEK	31	Inactive	inter-tier	13.84	Combined
MEK	MEKERK	5	Inactive	inter-tier	2.23	Combined
ERK	MEKERK	5	Inactive	inter-tier	2.46	Combined
RAS	other	81	Inactive	inter-tier	17.88	Combined
RAF	other	65	Inactive	inter-tier	12.8	Combined
MEK	other	38	Inactive	inter-tier	16.96	Combined
ERK	other	100	Inactive	inter-tier	49.26	Combined
RAS	tier-specific	452	Active	tier-specific	62.52	Combined
RAF	tier-specific	523	Active	tier-specific	53.53	Combined
MEK	tier-specific	427	Active	tier-specific	54.53	Combined
ERK	tier-specific	80	Active	tier-specific	50.63	Combined
RAS	RASRAFMEK	78	Active	inter-tier	10.79	Combined
RAF	RASRAFMEK	78	Active	inter-tier	7.98	Combined
MEK	RASRAFMEK	78	Active	inter-tier	9.96	Combined
RAS	RASRAF	107	Active	inter-tier	14.8	Combined
RAF	RASRAF	107	Active	inter-tier	10.95	Combined
RAF	RAFMEK	210	Active	inter-tier	21.49	Combined
MEK	RAFMEK	210	Active	inter-tier	26.82	Combined
MEK	MEKERK	3	Active	inter-tier	0.38	Combined
ERK	MEKERK	3	Active	inter-tier	1.9	Combined
RAS	other	86	Active	inter-tier	11.89	Combined
RAF	other	59	Active	inter-tier	6.04	Combined
MEK	other	65	Active	inter-tier	8.3	Combined
ERK	other	75	Active	inter-tier	47.47	Combined
