node	identifier
AGO1	9606.ENSP00000362300
AGO2	9606.ENSP00000220592
AGO3	9606.ENSP00000362287
AGO4	9606.ENSP00000362306
AKT1	9606.ENSP00000451828
AKT2	9606.ENSP00000375892
AMER1	9606.ENSP00000364003
AP2A1	9606.ENSP00000351926
AP2A2	9606.ENSP00000327694
AP2B1	9606.ENSP00000483185
AP2M1	9606.ENSP00000403362
AP2S1	9606.ENSP00000470176
APC	9606.ENSP00000257430
ARRB2	9606.ENSP00000403701
ASH2L	9606.ENSP00000340896
AXIN1	9606.ENSP00000262320
AXIN2	9606.ENSP00000302625
BCL9	9606.ENSP00000234739
BCL9L	9606.ENSP00000335320
BTRC	9606.ENSP00000359206
CALM3	9606.ENSP00000291295
CAMK2A	9606.ENSP00000500386
CAV1	9606.ENSP00000339191
CBY1	9606.ENSP00000478962
CCDC88C	9606.ENSP00000374507
CDC73	9606.ENSP00000356405
CHD8	9606.ENSP00000495240
CLTA	9606.ENSP00000242285
CLTB	9606.ENSP00000309415
CLTC	9606.ENSP00000479606
CREBBP	9606.ENSP00000262367
CSNK1A1	9606.ENSP00000261798
CSNK1E	9606.ENSP00000380044
CSNK1G2	9606.ENSP00000255641
CSNK2A1	9606.ENSP00000217244
CSNK2A2	9606.ENSP00000262506
CSNK2B	9606.ENSP00000365042
CTBP1	9606.ENSP00000290921
CTBP2	9606.ENSP00000311825
CTNNB1	9606.ENSP00000495360
CTNNBIP1	9606.ENSP00000366474
CUL1	9606.ENSP00000326804
CUL3	9606.ENSP00000264414
CXXC4	9606.ENSP00000378248
DAAM1	9606.ENSP00000378557
DACT1	9606.ENSP00000337439
DKK1	9606.ENSP00000363081
DKK2	9606.ENSP00000285311
DKK4	9606.ENSP00000220812
DVL1	9606.ENSP00000368166
DVL2	9606.ENSP00000005340
DVL3	9606.ENSP00000316054
EP300	9606.ENSP00000263253
FRAT1	9606.ENSP00000360060
FRAT2	9606.ENSP00000360058
FZD1	9606.ENSP00000287934
FZD2	9606.ENSP00000323901
FZD3	9606.ENSP00000240093
FZD4	9606.ENSP00000434034
FZD5	9606.ENSP00000354607
FZD6	9606.ENSP00000351605
FZD7	9606.ENSP00000286201
FZD8	9606.ENSP00000363826
GNAO1	9606.ENSP00000262494
GNAT2	9606.ENSP00000251337
GNB1	9606.ENSP00000367872
GNB2	9606.ENSP00000305260
GNB3	9606.ENSP00000229264
GNB4	9606.ENSP00000232564
GNB5	9606.ENSP00000261837
GNG10	9606.ENSP00000363411
GNG11	9606.ENSP00000248564
GNG12	9606.ENSP00000360021
GNG13	9606.ENSP00000248150
GNG2	9606.ENSP00000334448
GNG3	9606.ENSP00000294117
GNG4	9606.ENSP00000398629
GNG5	9606.ENSP00000359675
GNG7	9606.ENSP00000371594
GNG8	9606.ENSP00000300873
GNGT1	9606.ENSP00000248572
GNGT2	9606.ENSP00000421710
GSK3B	9606.ENSP00000324806
H2AB1	9606.ENSP00000484261
H2AC14	9606.ENSP00000328484
H2AC18	9606.ENSP00000358155
H2AC20	9606.ENSP00000332194
H2AC6	9606.ENSP00000367022
H2AC7	9606.ENSP00000341094
H2AC8	9606.ENSP00000303373
H2AJ	9606.ENSP00000438553
H2AX	9606.ENSP00000434024
H2AZ1	9606.ENSP00000296417
H2AZ2	9606.ENSP00000308405
H2BC1	9606.ENSP00000274764
H2BC11	9606.ENSP00000476136
H2BC12	9606.ENSP00000349430
H2BC13	9606.ENSP00000366618
H2BC14	9606.ENSP00000477907
H2BC15	9606.ENSP00000483903
H2BC17	9606.ENSP00000477527
H2BC21	9606.ENSP00000358151
H2BC3	9606.ENSP00000482674
H2BC4	9606.ENSP00000321744
H2BC5	9606.ENSP00000289316
H2BC9	9606.ENSP00000479169
H2BS1	9606.ENSP00000481622
H2BU1	9606.ENSP00000479284
H3-3B	9606.ENSP00000254810
H3-4	9606.ENSP00000355657
H3C12	9606.ENSP00000352252
H3C13	9606.ENSP00000333277
H4C6	9606.ENSP00000244537
HDAC1	9606.ENSP00000362649
HECW1	9606.ENSP00000379228
ITPR1	9606.ENSP00000306253
ITPR2	9606.ENSP00000370744
ITPR3	9606.ENSP00000363435
KAT5	9606.ENSP00000340330
KLHL12	9606.ENSP00000356230
KMT2D	9606.ENSP00000301067
KRAS	9606.ENSP00000256078
KREMEN1	9606.ENSP00000331242
KREMEN2	9606.ENSP00000304422
LEF1	9606.ENSP00000265165
LEO1	9606.ENSP00000299601
LGR4	9606.ENSP00000368516
LGR5	9606.ENSP00000266674
LGR6	9606.ENSP00000356247
LRP5	9606.ENSP00000294304
LRP6	9606.ENSP00000261349
MAP3K7	9606.ENSP00000358335
MEN1	9606.ENSP00000337088
MOV10	9606.ENSP00000399797
MYC	9606.ENSP00000478887
NFATC1	9606.ENSP00000389377
NLK	9606.ENSP00000384625
PARD6A	9606.ENSP00000219255
PDE6A	9606.ENSP00000255266
PDE6B	9606.ENSP00000420295
PDE6G	9606.ENSP00000328412
PFN1	9606.ENSP00000225655
PIP5K1B	9606.ENSP00000265382
PLCB1	9606.ENSP00000338185
PLCB2	9606.ENSP00000260402
PLCB3	9606.ENSP00000443631
PORCN	9606.ENSP00000322304
PPP2CA	9606.ENSP00000418447
PPP2CB	9606.ENSP00000221138
PPP2R1A	9606.ENSP00000324804
PPP2R1B	9606.ENSP00000311344
PPP2R5A	9606.ENSP00000261461
PPP2R5B	9606.ENSP00000164133
PPP2R5C	9606.ENSP00000412324
PPP2R5D	9606.ENSP00000417963
PPP2R5E	9606.ENSP00000337641
PPP3CA	9606.ENSP00000378323
PPP3CB	9606.ENSP00000378306
PPP3R1	9606.ENSP00000234310
PRICKLE1	9606.ENSP00000345064
PRKCA	9606.ENSP00000408695
PRKCB	9606.ENSP00000496129
PRKCG	9606.ENSP00000263431
PRKG1	9606.ENSP00000363092
PRKG2	9606.ENSP00000264399
PSMA1	9606.ENSP00000414359
PSMA2	9606.ENSP00000223321
PSMA3	9606.ENSP00000216455
PSMA4	9606.ENSP00000044462
PSMA5	9606.ENSP00000271308
PSMA6	9606.ENSP00000261479
PSMA7	9606.ENSP00000359910
PSMA8	9606.ENSP00000311121
PSMB1	9606.ENSP00000262193
PSMB10	9606.ENSP00000351314
PSMB11	9606.ENSP00000386212
PSMB2	9606.ENSP00000362334
PSMB3	9606.ENSP00000483688
PSMB4	9606.ENSP00000290541
PSMB5	9606.ENSP00000355325
PSMB6	9606.ENSP00000270586
PSMB7	9606.ENSP00000259457
PSMB8	9606.ENSP00000364016
PSMB9	9606.ENSP00000363993
PSMC1	9606.ENSP00000261303
PSMC2	9606.ENSP00000391211
PSMC3	9606.ENSP00000481029
PSMC4	9606.ENSP00000157812
PSMC5	9606.ENSP00000310572
PSMC6	9606.ENSP00000484998
PSMD1	9606.ENSP00000309474
PSMD10	9606.ENSP00000217958
PSMD11	9606.ENSP00000261712
PSMD12	9606.ENSP00000348442
PSMD13	9606.ENSP00000396937
PSMD14	9606.ENSP00000386541
PSMD2	9606.ENSP00000310129
PSMD3	9606.ENSP00000264639
PSMD4	9606.ENSP00000357876
PSMD5	9606.ENSP00000210313
PSMD6	9606.ENSP00000418695
PSMD7	9606.ENSP00000219313
PSMD8	9606.ENSP00000215071
PSMD9	9606.ENSP00000440485
PSME1	9606.ENSP00000372155
PSME2	9606.ENSP00000216802
PSME3	9606.ENSP00000293362
PSME4	9606.ENSP00000384211
PSMF1	9606.ENSP00000338039
PYGO1	9606.ENSP00000302327
PYGO2	9606.ENSP00000357442
RAC1	9606.ENSP00000348461
RAC2	9606.ENSP00000249071
RAC3	9606.ENSP00000304283
RBBP5	9606.ENSP00000264515
RBX1	9606.ENSP00000216225
RHOA	9606.ENSP00000400175
RNF146	9606.ENSP00000357297
RNF43	9606.ENSP00000463069
ROR1	9606.ENSP00000360120
ROR2	9606.ENSP00000364860
RPS27A	9606.ENSP00000272317
RSPO1	9606.ENSP00000348944
RSPO2	9606.ENSP00000276659
RSPO3	9606.ENSP00000349131
RSPO4	9606.ENSP00000217260
RUNX3	9606.ENSP00000382800
RUVBL1	9606.ENSP00000318297
RYK	9606.ENSP00000478721
SCRIB	9606.ENSP00000349486
SFRP1	9606.ENSP00000220772
SFRP2	9606.ENSP00000274063
SKP1	9606.ENSP00000231487
SMARCA4	9606.ENSP00000343896
SMURF1	9606.ENSP00000354621
SMURF2	9606.ENSP00000262435
SNX3	9606.ENSP00000230085
SOST	9606.ENSP00000301691
SOX13	9606.ENSP00000356172
SOX17	9606.ENSP00000297316
SOX2	9606.ENSP00000323588
SOX3	9606.ENSP00000359567
SOX4	9606.ENSP00000244745
SOX6	9606.ENSP00000379644
SOX7	9606.ENSP00000301921
SOX9	9606.ENSP00000245479
SRY	9606.ENSP00000372547
TCF7	9606.ENSP00000340347
TCF7L1	9606.ENSP00000282111
TCF7L2	9606.ENSP00000486891
TERT	9606.ENSP00000309572
TLE1	9606.ENSP00000365682
TLE2	9606.ENSP00000466542
TLE3	9606.ENSP00000452871
TLE4	9606.ENSP00000365720
TLE5	9606.ENSP00000221561
TMED5	9606.ENSP00000359305
TNKS	9606.ENSP00000311579
TNKS2	9606.ENSP00000360689
TNRC6A	9606.ENSP00000379144
TNRC6B	9606.ENSP00000401946
TNRC6C	9606.ENSP00000336783
TRRAP	9606.ENSP00000352925
UBA52	9606.ENSP00000388107
UBB	9606.ENSP00000478771
UBC	9606.ENSP00000441543
USP34	9606.ENSP00000381577
USP8	9606.ENSP00000379721
VANGL2	9606.ENSP00000357040
VPS26A	9606.ENSP00000263559
VPS29	9606.ENSP00000480853
VPS35	9606.ENSP00000299138
WIF1	9606.ENSP00000286574
WLS	9606.ENSP00000346829
WNT1	9606.ENSP00000293549
WNT10A	9606.ENSP00000258411
WNT10B	9606.ENSP00000301061
WNT11	9606.ENSP00000325526
WNT16	9606.ENSP00000222462
WNT2	9606.ENSP00000265441
WNT2B	9606.ENSP00000358698
WNT3	9606.ENSP00000225512
WNT3A	9606.ENSP00000284523
WNT4	9606.ENSP00000290167
WNT5A	9606.ENSP00000264634
WNT5B	9606.ENSP00000380379
WNT6	9606.ENSP00000233948
WNT7A	9606.ENSP00000285018
WNT7B	9606.ENSP00000341032
WNT8A	9606.ENSP00000426653
WNT8B	9606.ENSP00000340677
WNT9A	9606.ENSP00000272164
WNT9B	9606.ENSP00000290015
XIAP	9606.ENSP00000360242
XPO1	9606.ENSP00000384863
YWHAZ	9606.ENSP00000379287
ZNRF3	9606.ENSP00000443824
ZRANB1	9606.ENSP00000352676
