inflammation	arthritis	hypertensive_disease	ischemia	rasopathies	NRASQ61R	Hydrops Fetalis	Hypertrophic Cardiomyopathy	HIV Infections	Vascular anomaly	Epidermal nevus	cholestasis	endometriosis	Gene.names
0	0	0	0	1	0	0	0	0	0	0	0	0	A2ML1
0	0	0	1	0	0	0	0	0	0	0	0	0	ABCA1
0	0	0	0	0	0	0	0	1	0	0	0	0	ABCB1
1	0	0	0	0	0	0	0	0	0	0	0	0	ABCB4
0	0	1	0	0	0	0	0	0	0	0	0	0	ABCC1
0	0	0	0	0	0	0	0	0	0	0	0	1	ABCC4
0	0	0	1	0	0	0	0	0	0	0	0	0	ABCC6
0	0	1	0	0	0	0	0	0	0	0	0	0	ABCC8
0	0	0	0	0	0	0	1	0	0	0	0	1	ABCC9
0	0	0	0	0	0	0	0	1	0	0	0	0	ABCE1
0	0	0	1	0	0	0	0	0	0	0	0	0	ABCG5
0	0	0	1	0	0	0	0	0	0	0	0	0	ABCG8
0	0	0	0	0	0	0	0	0	0	0	0	1	ABI3BP
0	0	1	1	0	0	0	0	0	0	0	0	0	ABO
0	1	0	0	0	0	0	0	0	0	0	0	0	ACAN
0	0	0	1	0	0	0	0	0	0	0	0	0	ACAT2
0	0	1	1	0	0	0	0	0	0	0	0	0	ACE
1	0	1	0	0	0	0	0	0	0	0	0	0	ACE2
0	0	0	1	0	0	0	0	0	0	0	0	0	ACOT2
0	0	0	1	0	0	0	0	0	0	0	0	0	ACP1
0	1	0	0	0	0	0	0	0	0	0	0	0	ACP3
0	1	0	0	0	0	0	0	0	0	0	0	0	ACRBP
0	0	0	0	0	0	1	0	0	0	0	0	0	ACTA1
0	0	0	0	0	0	0	0	0	0	0	1	1	ACTA2
0	0	0	1	0	0	0	0	0	0	0	0	0	ACTB
0	0	0	0	0	0	0	1	0	0	0	0	0	ACTC1
0	0	0	0	0	0	0	1	0	0	0	0	0	ACTN2
0	0	0	1	0	0	0	0	0	0	0	0	0	ADAMTS7
0	0	1	0	0	0	0	0	0	0	0	0	0	ADCY5
0	1	0	0	0	0	0	0	0	0	0	0	0	ADCY7
0	0	1	0	0	0	0	0	0	0	0	0	0	ADD1
0	0	1	0	0	0	0	0	0	0	0	0	0	ADD2
1	0	1	1	0	0	0	0	0	0	0	0	0	ADIPOQ
0	0	0	1	0	0	0	0	0	0	0	0	0	ADM2
0	0	1	0	0	0	0	0	0	0	0	0	0	ADRA1A
0	0	1	0	0	0	0	0	0	0	0	0	0	ADRA2A
0	0	1	0	0	0	0	0	0	0	0	0	0	ADRA2B
0	0	1	1	0	0	0	0	0	0	0	0	0	ADRB1
0	0	1	1	0	0	0	0	1	0	0	0	0	ADRB2
0	0	1	1	0	0	0	0	0	0	0	0	0	ADRB3
0	0	0	1	0	0	0	0	0	0	0	0	0	ADTRP
1	0	1	1	0	0	0	0	0	0	0	0	0	AGER
1	0	1	1	0	0	0	1	0	0	0	0	0	AGT
0	0	1	1	0	0	0	0	0	0	0	0	0	AGTR1
0	0	1	0	0	0	0	0	0	0	0	0	0	AGTR2
0	0	1	1	0	0	0	0	0	0	0	0	0	AGXT2
1	0	1	0	0	0	0	0	0	0	0	0	0	AHR
0	0	0	1	0	0	0	0	0	0	0	0	0	AHSG
0	0	1	0	0	0	0	0	0	0	0	0	0	AIF1
0	0	0	1	0	0	0	0	0	0	0	0	0	AK1
0	0	0	0	0	0	0	1	0	0	0	0	0	AKAP9
0	0	0	0	0	0	0	0	0	0	0	0	1	AKR1B1
0	0	0	0	0	0	0	0	0	0	0	0	1	AKR1C1
0	0	0	0	0	0	0	0	0	0	0	0	1	AKR1C2
0	0	0	0	0	0	0	0	0	0	0	0	1	AKR1C3
1	0	0	0	0	0	0	0	0	0	0	0	0	AKT1
0	0	0	0	0	1	0	0	0	0	0	0	0	AKT3
0	0	1	0	0	0	0	0	0	0	0	0	0	ALAD
0	0	1	0	0	0	0	0	1	0	0	1	0	ALB
0	0	1	0	0	0	0	0	0	0	0	0	0	ALDH2
0	0	0	1	0	0	0	0	0	0	0	0	0	ALDH6A1
0	0	0	1	0	0	0	0	0	0	0	0	0	ALDOA
0	1	0	0	0	0	0	0	0	0	0	0	0	ALOX12
0	0	1	0	0	0	0	0	0	0	0	0	0	ALOX15
0	0	0	1	0	0	0	0	0	0	0	0	0	ALOX5AP
0	0	0	0	0	0	0	1	0	0	0	0	0	ALPK3
0	0	0	0	0	0	0	0	1	0	0	0	0	ALYREF
0	0	0	1	0	0	0	0	0	0	0	0	0	AMPD1
1	0	1	0	0	0	0	0	0	0	0	0	0	ANGPT1
0	0	0	0	0	0	1	0	0	0	0	0	0	ANGPT2
0	0	0	1	0	0	0	0	0	0	0	0	0	ANGPTL4
0	0	0	0	0	0	0	1	0	0	0	0	0	ANK2
0	0	0	0	0	0	0	0	0	0	0	0	1	ANKH
0	0	0	0	0	0	0	1	0	0	0	0	1	ANKRD1
0	1	0	0	0	0	0	0	0	0	0	0	0	ANKRD9
0	0	0	1	0	0	0	0	0	0	0	0	0	ANKS1A
0	0	0	0	0	0	1	0	0	0	0	0	0	ANKS3
0	0	0	0	0	0	0	0	0	0	0	0	1	ANO4
0	0	1	0	0	0	0	0	0	0	0	0	0	ANXA1
0	0	1	0	0	0	0	0	0	0	0	0	0	AOC1
0	0	1	0	0	0	0	0	0	0	0	0	0	AOC3
0	0	0	1	0	0	0	0	0	0	0	0	0	APCS
0	0	0	1	0	0	0	0	0	0	0	0	0	APH1B
0	0	0	1	0	0	0	0	0	0	0	0	0	APLP2
1	0	1	1	0	0	0	0	1	0	0	0	0	APOA1
0	0	0	1	0	0	0	0	0	0	0	0	0	APOA5
0	0	0	1	0	0	0	0	0	0	0	0	0	APOB
0	0	0	1	0	0	0	0	0	0	0	0	0	APOC3
0	0	1	1	0	0	0	0	0	0	0	0	0	APOE
0	0	0	1	0	0	0	0	0	0	0	0	0	APOM
0	0	1	0	0	0	0	0	0	0	0	0	0	AQP1
0	1	0	0	0	0	0	0	0	0	0	0	0	AQP9
0	0	1	0	0	0	0	0	0	0	0	0	0	AR
0	0	0	0	0	0	0	0	1	0	0	0	0	ARAP3
0	1	0	1	0	0	0	0	0	0	0	0	1	AREG
0	0	0	0	0	0	0	0	0	0	0	0	1	ARHGAP28
0	0	0	1	0	0	0	0	0	0	0	0	0	ARHGAP31
0	0	0	0	0	0	0	0	1	0	0	0	0	ARHGAP4
0	0	0	0	0	0	0	0	1	0	0	0	0	ARHGDIA
0	0	0	0	0	0	0	0	1	0	0	0	0	ARHGDIB
0	0	0	0	0	0	1	0	0	0	0	0	0	ARID1A
0	0	0	0	0	0	0	0	0	0	0	0	1	ARNT
0	1	0	0	0	0	0	0	0	0	0	0	0	ASAP1
1	0	0	0	0	0	0	0	0	0	0	0	0	ASIC1
1	0	0	0	0	0	0	0	0	0	0	0	0	ASIC2
1	0	0	0	0	0	0	0	0	0	0	0	0	ASIC3
0	1	0	0	0	0	0	0	0	0	0	0	0	ASTN2
0	0	1	0	0	0	0	0	0	0	0	0	0	ATOX1
0	0	1	1	0	0	0	0	0	0	0	0	0	ATP1A1
0	0	1	0	0	0	0	0	0	0	0	0	0	ATP1A2
0	0	1	1	0	0	0	0	0	0	0	0	0	ATP2B1
0	0	1	0	0	0	0	0	0	0	0	0	0	ATP2B3
0	0	0	0	1	0	0	0	0	0	0	0	0	ATP6V1E1
1	0	0	0	0	0	0	0	0	0	0	0	0	ATP7B
0	1	0	0	0	0	0	0	0	0	0	0	0	AVL9
0	0	1	0	0	0	0	0	0	0	0	0	0	AVP
0	0	1	0	0	0	0	0	0	0	0	0	0	AVPR1A
0	0	0	1	0	0	0	0	0	0	0	0	0	AXIN2
0	1	0	0	0	0	0	0	0	0	0	0	0	B4GALT5
0	0	0	0	0	0	0	1	1	0	0	0	0	BAG3
0	0	0	0	0	0	0	0	1	0	0	0	0	BAX
0	0	0	0	1	0	0	0	0	0	0	0	0	BBS10
0	0	0	1	0	0	0	0	0	0	0	0	0	BCHE
0	0	1	0	0	0	0	0	0	0	0	0	0	BCL2
1	0	1	0	0	0	0	0	0	0	0	0	0	BDKRB1
1	0	1	0	0	0	0	0	0	0	0	0	0	BDKRB2
1	0	0	0	0	0	0	0	0	0	0	0	0	BDNF
0	1	0	0	0	0	0	0	0	0	0	0	0	BEND2
0	0	0	1	0	0	0	0	0	0	0	0	0	BHLHE40
0	0	0	0	0	0	0	0	1	0	0	0	0	BIRC2
0	0	0	0	0	0	0	0	1	0	0	0	0	BIRC3
0	1	0	0	0	0	0	0	0	0	0	0	0	BLTP3B
0	0	0	1	0	0	0	0	0	0	0	0	0	BMAL1
0	0	1	0	0	0	0	0	0	0	0	0	0	BMAL2
0	0	0	0	0	0	0	0	0	0	0	0	1	BMP7
0	0	0	0	1	0	0	1	0	1	0	0	0	BRAF
0	0	1	0	0	0	0	0	0	0	0	0	0	BRCA1
0	0	0	0	0	0	0	0	0	0	0	0	1	BRD8
0	0	0	1	0	0	0	0	0	0	0	0	0	BRINP3
0	1	0	0	0	0	0	0	0	0	0	0	0	BTG1
0	1	0	0	0	0	0	0	0	0	0	0	0	BTG3
0	0	0	1	0	0	0	0	0	0	0	0	0	BTNL2
0	0	0	0	0	0	1	0	0	0	0	0	0	C1orf105
0	0	0	1	0	0	0	0	0	0	0	0	0	C1orf167
0	0	0	1	0	0	0	0	0	0	0	0	0	C1QB
0	0	0	0	0	0	0	0	0	0	0	0	1	C1R
0	1	0	0	0	0	0	0	0	0	0	0	0	C2orf88
0	1	0	0	0	0	0	0	0	0	0	0	0	C8B
0	1	0	0	0	0	0	0	0	0	0	0	0	C9orf72
0	0	1	0	0	0	0	1	0	0	0	0	0	CACNA1C
0	0	1	0	0	0	0	0	0	0	0	0	0	CACNA2D1
0	0	1	0	0	0	0	1	0	0	0	0	0	CACNB2
1	0	1	0	0	0	0	0	0	0	0	0	0	CALCA
0	0	0	0	0	0	1	0	0	0	0	0	0	CALCRL
0	1	0	0	0	0	0	0	0	0	0	0	0	CALD1
0	0	0	1	0	0	0	0	0	0	0	0	0	CALR
0	0	0	0	0	0	0	1	0	0	0	0	0	CALR3
0	0	0	1	0	0	0	0	0	0	0	0	0	CAMK2D
0	1	0	0	0	0	0	0	0	0	0	0	0	CAMSAP1
0	0	0	1	0	0	0	0	0	0	0	0	0	CANX
0	0	0	1	0	0	0	0	0	0	0	0	0	CARF
1	0	0	0	0	0	0	0	0	0	0	0	0	CASP1
0	0	0	0	0	0	0	1	0	0	0	0	0	CASQ2
0	0	0	0	0	0	0	1	0	0	0	0	0	CASR
0	0	1	0	0	0	0	0	0	0	0	0	0	CAT
0	0	1	0	0	0	0	0	0	0	0	0	0	CAV1
0	0	0	0	0	0	0	1	0	0	0	0	0	CAV3
0	0	0	0	1	0	0	0	0	0	0	0	0	CBL
0	0	1	1	0	0	0	0	0	0	0	0	0	CBS
1	0	0	0	0	0	0	0	0	0	0	0	0	CCK
0	0	0	0	0	0	0	0	0	0	0	0	1	CCL1
1	0	0	0	0	0	0	0	1	0	0	0	1	CCL11
1	0	1	1	0	0	0	0	1	0	0	0	0	CCL2
0	0	0	0	0	0	0	0	0	0	0	0	1	CCL22
1	0	0	1	0	0	0	0	1	0	0	0	0	CCL3
1	0	0	1	0	0	0	0	0	0	0	0	0	CCL4
0	0	0	0	0	0	0	0	1	0	0	0	0	CCL4L2
0	0	0	0	0	0	0	0	1	0	0	0	0	CCL5
0	0	0	0	0	1	0	0	0	0	0	0	0	CCM2
0	0	1	0	0	0	0	0	0	0	0	1	0	CCN2
0	0	0	1	0	0	0	0	0	0	0	0	0	CCND2
0	0	0	0	0	0	0	0	0	0	0	0	1	CCNE2
0	0	0	0	0	1	0	0	0	1	0	0	0	CCNH
0	0	0	1	0	0	0	0	1	0	0	0	0	CCR2
0	0	0	0	0	0	0	0	1	0	0	0	0	CCR3
0	1	1	0	0	0	0	0	1	0	0	0	0	CCR5
0	0	0	0	0	0	0	0	1	0	0	0	0	CCT3
0	0	0	0	0	0	0	0	1	0	0	0	0	CCT5
0	0	0	0	0	0	0	0	1	0	0	0	0	CCT7
0	1	1	0	0	0	0	0	0	0	0	0	0	CD14
0	0	0	0	0	0	0	0	1	0	0	0	0	CD209
0	0	0	0	0	0	0	0	0	0	0	0	1	CD226
0	1	0	0	0	0	0	0	0	0	0	0	0	CD247
0	0	0	0	0	0	0	0	1	0	0	0	0	CD28
0	0	1	1	0	0	0	0	0	0	0	0	0	CD36
0	0	0	1	0	0	0	0	0	0	0	0	0	CD38
1	0	0	0	0	0	0	0	0	0	0	0	0	CD3E
0	0	0	1	0	0	0	0	1	0	0	0	0	CD40LG
0	0	0	0	0	0	0	0	0	0	0	0	1	CD55
0	0	0	0	0	0	0	0	0	0	0	1	0	CD68
0	1	0	0	0	0	0	0	0	0	0	0	0	CD83
0	1	0	0	0	0	0	0	0	0	0	0	0	CD8B
0	0	0	0	1	0	0	0	1	0	0	0	0	CDC42
0	0	0	1	0	0	0	0	0	0	0	0	0	CDH2
0	0	0	0	0	0	0	0	1	0	0	0	0	CDKN1A
0	0	0	1	0	0	0	0	0	0	0	0	0	CDKN2B
0	0	0	1	0	0	0	0	0	0	0	0	0	CEBPD
0	0	1	0	0	0	0	0	0	0	0	0	0	CELA2A
0	0	0	1	0	0	0	0	0	0	0	0	0	CELSR2
0	0	0	0	0	0	0	1	0	0	0	0	0	CELSR3
0	0	0	0	0	0	0	1	0	0	0	0	0	CEP85L
0	0	0	1	0	0	0	0	0	0	0	0	0	CES3
0	0	0	0	0	0	0	0	0	0	0	0	1	CFD
0	1	0	0	0	0	0	0	0	0	0	0	0	CHADL
0	0	1	0	0	0	0	0	0	0	0	0	0	CHGA
0	0	0	0	0	0	1	0	0	0	0	0	0	CHRNA1
1	0	0	0	0	0	0	0	0	0	0	0	0	CHRNA4
1	0	0	0	0	0	0	0	0	0	0	0	0	CHRNB2
0	1	0	0	0	0	0	0	0	0	0	0	0	CIITA
0	0	0	1	0	0	0	0	0	0	0	0	0	CIRBP
0	0	0	0	1	0	0	0	0	0	0	0	0	CLCN1
0	0	0	1	0	0	0	0	0	0	0	0	0	CLCN6
0	0	1	0	0	0	0	0	0	0	0	0	0	CLCNKA
0	0	1	0	0	0	0	0	0	0	0	0	0	CLCNKB
0	0	0	0	0	0	0	0	0	0	0	0	1	CLDN1
0	0	0	1	0	0	0	0	0	0	0	0	0	CLEC10A
0	0	0	0	0	0	0	0	1	0	0	0	0	CLIC1
0	0	0	0	1	0	0	0	0	0	0	0	0	CLTC
0	1	1	0	0	0	0	0	0	0	0	0	0	CLU
0	0	1	0	0	0	0	1	0	0	0	0	0	CMA1
0	1	0	0	0	0	0	0	0	0	0	0	0	CMTM2
0	0	0	0	0	0	0	0	0	0	0	0	1	CNIH3
0	0	0	0	0	0	0	0	0	0	0	0	1	CNR1
0	1	0	0	0	0	0	0	0	0	0	0	0	COL11A1
0	0	1	0	0	0	0	1	0	0	0	1	0	COL1A1
1	1	0	0	0	0	0	0	0	0	0	0	0	COL2A1
0	0	1	0	0	0	0	0	0	0	0	1	0	COL3A1
0	0	1	0	0	0	0	0	0	0	0	0	0	COL4A4
0	0	1	0	0	0	0	0	0	0	0	0	0	COL4A5
0	0	1	0	0	0	0	0	0	0	0	0	0	COL6A3
0	0	0	0	0	0	0	0	0	0	1	0	0	COL7A1
0	1	0	0	0	0	0	0	0	0	0	0	0	COMP
0	0	1	0	0	0	0	0	0	0	0	0	0	COMT
0	1	0	0	0	0	0	0	0	0	0	0	0	COPA
0	0	0	0	0	0	0	0	0	0	0	0	1	COPS2
0	0	0	0	0	0	0	0	1	0	0	0	0	COPS6
0	0	1	0	0	0	0	0	0	0	0	0	0	CORIN
0	0	0	0	0	0	0	1	0	0	0	0	0	COX15
0	0	0	1	0	0	0	0	0	0	0	0	0	COX5B
0	0	0	1	0	0	0	0	0	0	0	0	0	CPE
0	0	0	0	0	0	0	0	0	0	0	0	1	CPM
0	0	0	1	0	0	0	0	0	0	0	0	0	CPT1B
0	1	0	0	0	0	0	0	0	0	0	0	0	CR1
0	1	0	0	0	0	0	0	0	0	0	0	0	CREM
0	1	0	0	0	0	0	0	0	0	0	0	0	CRHR1
1	0	1	0	0	0	0	0	0	0	0	0	0	CRHR2
0	0	0	1	0	0	0	0	0	0	0	0	0	CRK
1	0	1	1	0	0	0	0	1	0	0	0	0	CRP
0	0	0	0	0	0	0	1	0	0	0	0	0	CRYAB
0	0	0	0	0	0	0	1	0	0	0	0	0	CS
1	0	0	0	0	0	0	0	0	0	0	0	0	CSF2
0	0	0	0	0	0	0	1	0	0	0	0	0	CSRP3
0	0	0	0	0	0	0	1	0	0	0	0	0	CTF1
0	1	0	0	0	0	0	0	0	0	0	0	0	CTLA4
0	0	0	1	0	0	0	0	0	0	0	0	0	CTNNB1
0	0	0	0	0	0	1	0	0	0	0	0	0	CTSA
0	0	0	1	0	0	0	0	0	0	0	0	0	CTSC
0	0	0	0	0	0	0	1	0	0	0	0	0	CTSL
0	1	0	0	0	0	0	0	0	0	0	0	0	CTTN
0	0	0	1	0	0	0	0	0	0	0	0	0	CTTNBP2
0	0	0	1	0	0	0	0	0	0	0	0	0	CUBN
0	0	0	1	0	0	0	0	0	0	0	0	0	CX3CL1
0	0	0	0	0	0	0	0	1	0	0	0	0	CX3CR1
0	1	0	0	0	0	0	0	0	0	0	0	0	CXCL1
0	0	0	1	0	0	0	0	0	0	0	0	0	CXCL10
0	0	0	1	0	0	0	0	1	0	0	0	0	CXCL12
0	0	0	0	0	0	0	0	0	0	0	0	1	CXCL13
0	0	0	0	0	0	0	0	0	0	0	0	1	CXCL14
1	0	1	1	0	0	0	0	0	0	0	0	0	CXCL2
0	0	0	0	0	0	0	0	0	0	0	0	1	CXCL9
0	0	0	0	0	0	0	0	1	0	0	0	0	CXCR1
0	1	1	0	0	0	0	0	0	0	0	0	0	CXCR2
1	0	0	0	0	0	0	0	0	0	0	0	0	CXCR3
0	1	0	0	0	0	0	0	0	0	0	0	0	CXCR4
0	0	0	0	0	0	0	0	0	0	0	0	1	CYB5A
0	0	1	1	0	0	0	0	0	0	0	0	0	CYBA
0	0	1	0	0	0	0	0	0	0	0	0	0	CYBB
0	0	0	0	0	0	0	0	0	0	0	1	0	CYGB
0	0	1	0	0	0	0	0	0	0	0	0	0	CYP11B2
0	0	0	0	0	0	0	0	0	0	0	0	1	CYP19A1
0	0	1	0	0	0	0	0	0	0	0	0	0	CYP1A1
0	0	0	0	0	0	0	0	0	0	0	0	1	CYP26A1
0	0	0	0	0	0	0	0	1	0	0	0	0	CYP2B6
0	0	1	0	0	0	0	0	0	0	0	0	0	CYP2C9
0	0	1	0	0	0	0	0	0	0	0	0	0	CYP2J2
0	0	1	1	0	0	0	0	0	0	0	0	0	CYP2R1
1	0	0	0	0	0	0	0	0	0	0	0	0	CYP3A4
0	0	1	0	0	0	0	0	0	0	0	0	0	CYP4A11
0	0	0	1	0	0	0	0	0	0	0	0	0	DAB2IP
0	1	0	0	0	0	0	0	0	0	0	0	0	DAPK1
0	0	1	0	0	0	0	0	0	0	0	0	0	DARS2
0	0	1	0	0	0	0	0	0	0	0	0	0	DBH
0	0	0	1	0	0	0	0	0	0	0	0	0	DCN
0	0	0	0	0	0	0	0	0	0	0	0	1	DCSTAMP
0	0	1	1	0	0	0	0	0	0	0	0	0	DDAH1
0	0	0	1	0	0	0	0	0	0	0	0	0	DDAH2
0	0	0	0	1	0	0	0	0	0	0	0	0	DDC
0	1	0	0	0	0	0	0	0	0	0	0	0	DDIT3
0	0	0	0	0	0	0	0	1	0	0	0	0	DDX1
0	0	0	0	0	0	0	0	1	0	0	0	0	DDX3X
0	0	0	0	0	0	0	0	0	0	0	0	1	DDX5
0	0	0	0	0	0	0	0	0	0	0	0	1	DEPP1
0	0	0	0	0	0	1	0	0	0	0	0	0	DHCR24
0	1	0	0	0	0	0	0	0	0	0	0	0	DIABLO
0	0	0	0	0	0	0	0	0	0	0	0	1	DICER1
0	0	1	0	0	0	0	0	0	0	0	0	1	DIO2
0	0	0	0	0	0	0	0	0	0	0	0	1	DKK1
0	0	0	1	0	0	0	0	0	0	0	0	0	DLAT
0	0	0	0	0	1	0	0	0	0	0	0	0	DLX5
0	0	0	0	0	0	0	1	0	0	0	0	0	DMD
0	0	0	0	1	0	0	0	0	0	0	0	0	DMPK
0	0	0	0	0	0	1	0	0	0	0	0	0	DNAH9
0	0	0	0	0	0	0	0	1	0	0	0	0	DNAJC7
0	0	0	1	0	0	0	0	0	0	0	0	0	DNM1L
0	0	1	0	0	0	0	0	0	0	0	0	0	DRD1
0	0	1	0	0	0	0	0	0	0	0	0	0	DRD2
0	0	0	0	0	0	0	1	0	0	0	0	0	DSC2
0	0	0	0	0	0	0	1	0	0	0	0	0	DSG2
0	0	0	0	0	0	0	1	0	0	0	0	0	DSP
0	0	0	0	0	0	0	1	0	0	0	0	0	DTNA
0	1	0	1	0	0	0	0	0	0	0	0	1	DUSP1
1	0	0	0	0	0	0	0	0	0	0	0	0	DUSP10
0	1	0	0	0	0	0	0	0	0	0	0	0	DUSP2
0	1	0	0	0	0	0	0	0	0	0	0	0	DUSP4
0	0	1	0	0	0	0	0	0	0	0	0	0	DUSP5
0	0	0	1	0	0	0	0	0	0	0	0	0	DUSP6
0	0	0	0	1	0	0	0	0	0	0	0	0	DYNC1H1
0	0	0	0	1	0	0	0	0	0	0	0	0	DYNC2H1
0	0	0	0	1	0	0	0	0	0	0	0	0	DYNC2I1
0	0	0	0	1	0	0	0	0	0	0	0	0	DYNC2I2
0	0	0	0	1	0	0	0	0	0	0	0	0	DYNLT2B
0	1	0	0	0	0	0	0	0	0	0	0	0	DYSF
0	0	1	1	0	0	0	0	0	0	0	0	0	ECE1
1	0	1	1	0	0	0	0	0	0	0	0	0	EDN1
0	0	1	0	0	0	0	0	0	0	0	0	0	EDN2
0	0	1	0	0	0	0	0	0	0	0	0	0	EDN3
0	0	1	0	0	0	0	0	0	0	0	0	0	EDNRA
1	0	0	0	0	0	0	0	0	0	0	0	0	EFNB1
0	1	0	0	0	0	0	0	0	0	0	0	0	EGF
0	0	0	0	0	0	0	0	0	0	0	0	1	EGFR
1	1	0	0	0	0	0	0	0	0	0	0	0	EGR1
0	0	0	1	0	0	0	0	0	0	0	0	0	EGR2
0	0	0	0	0	0	1	0	0	0	0	0	0	EHBP1L1
0	0	0	1	0	0	0	0	0	0	0	0	0	EIF2A
0	0	0	1	0	0	0	0	0	0	0	0	0	EIF2AK3
0	0	0	0	0	0	0	0	1	0	0	0	0	EIF3B
0	0	0	0	0	0	0	0	1	0	0	0	0	EIF4A1
1	0	0	0	0	0	0	0	1	0	0	0	0	EIF4EBP1
0	0	0	0	0	0	0	0	1	0	0	0	0	EIF6
0	0	0	0	0	0	0	0	0	0	0	0	1	ELAVL1
0	1	0	0	0	0	0	0	0	0	0	0	0	ELF2
0	0	1	1	0	0	0	0	0	0	0	0	0	ELN
0	0	0	0	0	0	0	1	0	0	0	0	0	EMD
0	0	0	0	0	0	0	0	1	0	0	0	0	EMG1
0	0	0	0	0	0	0	0	0	0	0	0	1	ENPP1
0	0	0	1	0	0	0	0	0	0	0	0	0	ENSA
0	0	0	0	1	0	0	0	0	0	0	0	0	EPHA2
0	0	0	0	0	0	1	0	0	0	0	0	0	EPHB4
0	0	0	1	0	0	0	0	0	0	0	0	0	EPHX1
0	0	1	1	0	0	0	0	0	0	0	0	0	EPHX2
1	0	1	1	0	0	0	0	0	0	0	0	0	EPO
0	0	1	0	0	0	0	0	0	0	0	0	0	ERAP1
0	0	0	1	0	0	0	0	0	0	0	0	0	ERCC2
0	0	0	0	1	0	0	0	0	0	0	0	0	ERF
0	0	0	0	0	0	0	0	0	0	0	0	1	ERRFI1
0	0	0	1	0	0	0	0	0	0	0	0	1	ESR1
0	0	1	1	0	0	0	0	0	0	0	0	1	ESR2
0	0	0	0	0	0	0	1	0	0	0	0	0	ETFDH
0	1	0	0	0	0	0	0	0	0	0	0	0	ETNK1
0	1	0	0	0	0	0	0	0	0	0	0	0	ETV6
0	0	1	0	0	0	0	0	0	0	0	0	0	F11
0	0	1	0	0	0	0	0	0	0	0	0	0	F11R
0	0	1	0	0	0	0	0	0	0	0	0	0	F12
0	0	0	1	0	0	0	0	0	0	0	0	0	F2
1	0	0	0	0	0	0	0	0	0	0	0	0	F2R
1	0	0	1	0	0	0	0	0	0	0	0	0	F2RL1
0	0	0	1	0	0	0	0	0	0	0	0	0	F3
0	0	1	1	0	0	0	0	0	0	0	0	0	F7
0	0	0	1	0	0	0	0	0	0	0	0	0	FABP2
0	0	1	0	0	0	0	0	0	0	0	0	0	FABP3
0	0	0	1	0	0	0	0	0	0	0	0	0	FABP5
0	0	0	0	0	0	0	0	0	0	0	0	1	FAM163A
0	0	0	0	0	0	0	0	0	0	0	0	1	FAM180A
0	1	0	0	0	0	0	0	0	0	0	0	0	FAM20A
0	0	0	0	1	0	0	0	0	0	0	0	0	FAM98C
0	0	0	0	0	0	0	0	1	0	0	0	0	FAS
0	0	0	0	0	0	0	1	0	0	0	0	0	FASN
0	0	1	0	0	0	0	0	0	0	0	0	0	FAT1
0	1	0	0	0	0	0	0	0	0	0	0	0	FAXDC2
0	0	0	0	0	0	0	0	0	0	0	0	1	FBLN1
0	0	0	0	0	0	0	0	0	0	0	0	1	FBN1
0	0	0	0	0	0	0	0	1	0	0	0	0	FCER2
0	1	0	0	0	0	0	0	0	0	0	0	0	FCGR1A
0	0	0	1	0	0	0	0	0	0	0	0	0	FCGR2A
0	0	0	1	0	0	0	0	1	0	0	0	0	FCGR3A
0	1	0	0	0	0	0	0	0	0	0	0	0	FCHSD2
0	0	0	0	0	0	1	0	0	0	0	0	0	FCRL4
0	0	0	0	0	0	1	0	0	0	0	0	0	FEN1
0	0	0	1	0	0	0	0	0	0	0	0	0	FES
0	0	0	1	0	0	0	0	0	0	0	0	0	FEV
0	0	0	1	0	0	0	0	0	0	0	0	0	FEZ2
0	0	0	1	0	0	0	0	0	0	0	0	0	FGB
0	0	0	1	0	0	0	0	0	0	0	0	0	FGF1
1	0	0	1	0	0	0	0	0	0	0	0	0	FGF2
0	0	1	0	0	0	0	0	0	0	0	0	0	FGF21
0	0	0	0	0	0	0	0	0	0	1	0	0	FGFR3
0	0	0	0	0	0	0	1	0	0	0	0	0	FHL1
0	0	0	0	0	0	0	1	0	0	0	0	0	FHOD3
0	1	0	0	0	0	0	0	0	0	0	0	0	FILIP1
0	0	0	0	0	0	0	0	0	0	0	0	1	FKBP5
0	0	0	0	0	0	0	1	0	0	0	0	0	FLNC
0	0	0	0	0	0	1	0	0	0	0	0	0	FLT4
0	0	0	0	0	0	0	0	0	0	0	0	1	FMO2
0	0	1	0	0	0	0	0	0	0	0	0	0	FMO3
0	0	1	0	0	0	0	0	0	0	0	0	0	FN1
1	0	1	0	0	0	0	0	0	0	0	0	0	FNDC5
0	1	1	0	0	0	0	0	0	0	0	1	1	FOS
0	1	0	0	0	0	0	0	0	0	0	0	0	FOSB
0	1	0	0	0	0	0	0	0	0	0	0	0	FOSL2
0	0	0	0	0	0	1	0	0	0	0	0	0	FOXC2
0	0	0	0	1	0	0	0	0	0	0	0	0	FOXH1
0	1	0	0	0	0	0	0	0	0	0	0	0	FOXP1
0	1	0	0	0	0	0	0	0	0	0	0	0	FRZB
0	0	1	1	0	0	0	0	0	0	0	0	0	FTO
0	0	0	1	0	0	0	0	0	0	0	0	0	FURIN
0	0	0	0	0	0	0	1	0	0	0	0	0	FXN
0	0	1	0	0	0	0	0	0	0	0	0	0	FXYD2
0	0	0	0	0	0	1	0	0	0	0	0	0	FZD6
0	0	0	0	0	0	0	1	0	0	0	0	0	GAA
0	0	1	0	0	0	0	0	0	0	0	0	0	GAD1
0	1	0	0	0	0	0	0	1	0	0	0	0	GADD45A
1	0	0	0	0	0	0	0	0	0	0	0	0	GALNS
0	0	0	0	0	0	1	0	0	0	0	0	0	GALNT14
1	0	0	0	0	0	0	0	0	0	0	0	0	GATA3
0	0	1	0	0	0	0	0	0	0	0	0	0	GATA5
0	0	0	1	0	0	0	0	0	0	0	0	0	GATM
0	0	1	0	0	0	0	0	0	0	0	0	0	GBA1
0	0	0	1	0	0	0	0	0	0	0	0	0	GBP2
0	0	0	0	0	0	0	0	1	0	0	0	0	GC
0	0	1	0	0	0	0	0	0	0	0	0	0	GCG
0	0	1	1	0	0	0	0	0	0	0	0	0	GCH1
0	0	1	1	0	0	0	0	0	0	0	0	0	GCK
0	0	1	1	0	0	0	0	0	0	0	0	0	GCLC
0	0	0	1	0	0	0	0	0	0	0	0	0	GDF15
0	1	0	0	0	0	0	0	0	0	0	0	0	GDF5
0	0	0	1	0	0	0	0	0	0	0	0	0	GFOD1
0	0	0	1	0	0	0	0	0	0	0	0	0	GGCX
0	0	0	1	0	0	0	0	0	0	0	0	0	GHR
0	0	1	0	0	0	0	0	0	0	0	0	0	GJA1
0	0	1	1	0	0	0	0	0	0	0	0	0	GJA4
0	0	1	0	0	0	0	1	0	0	0	0	0	GJA5
0	0	0	0	1	0	0	0	0	0	0	0	0	GJB2
0	0	1	0	0	0	0	0	0	0	0	0	0	GJC1
0	0	0	1	0	0	0	0	0	0	0	0	0	GK
0	0	0	0	0	0	0	1	0	0	0	0	0	GLA
0	0	1	0	0	0	0	0	0	0	0	0	0	GLCE
0	0	1	0	0	0	0	0	0	0	0	0	0	GLP1R
0	1	0	0	0	0	0	0	0	0	0	0	0	GMPR
0	0	0	0	0	0	0	0	0	1	0	0	0	GNA11
0	0	0	1	0	0	0	0	0	0	0	0	0	GNA12
0	0	0	0	0	1	0	0	0	0	0	0	0	GNAQ
0	0	1	0	0	0	0	0	0	0	0	0	0	GNAS
0	0	1	1	0	0	0	0	0	0	0	0	0	GNB3
0	1	0	0	0	0	0	0	0	0	0	0	0	GNG11
0	0	1	0	0	0	0	0	0	0	0	0	0	GNRH1
0	0	1	0	0	0	0	0	0	0	0	0	0	GP1BA
0	1	0	0	0	0	0	0	0	0	0	0	0	GP1BB
0	0	0	0	0	0	0	1	0	0	0	0	0	GPR149
0	0	1	1	0	0	0	0	0	0	0	0	0	GPX1
0	0	1	0	0	0	0	0	0	0	0	0	1	GPX3
0	0	0	0	0	0	0	0	0	0	0	0	1	GREB1
0	0	1	0	0	0	0	0	0	0	0	0	0	GRK2
0	0	0	0	0	0	0	0	1	0	0	0	0	GRPEL1
0	0	1	0	0	0	0	0	0	0	0	0	0	GSK3B
0	0	0	1	0	0	0	0	0	0	0	0	0	GSTA1
0	0	1	0	0	0	0	0	0	0	0	0	0	GSTA5
0	0	0	1	0	0	0	0	0	0	0	0	0	GSTM1
0	0	0	1	0	0	0	0	0	0	0	0	0	GSTM2
0	0	1	1	0	0	0	0	0	0	0	0	0	GSTP1
0	1	1	1	0	0	0	0	0	0	0	0	0	GSTT1
0	0	1	0	0	0	0	0	0	0	0	0	0	GSTT2
0	0	0	0	0	0	0	0	1	0	0	0	0	GTF3A
0	0	0	0	0	0	0	1	0	0	0	0	0	GTPBP3
0	0	1	1	0	0	0	0	0	0	0	0	0	GUCY1A1
0	0	0	0	0	0	1	0	0	0	0	0	0	GUSB
0	0	0	1	0	0	0	0	0	0	0	0	0	GYG1
0	1	0	0	0	0	0	0	0	0	0	0	0	H2AC8
0	1	0	0	0	0	0	0	0	0	0	0	0	H2BC8
0	0	0	1	0	0	0	0	0	0	0	0	0	HADHA
0	0	0	0	0	0	1	0	0	0	0	0	0	HBA2
0	1	0	0	0	0	0	0	0	0	0	0	1	HBEGF
0	0	0	0	0	0	0	1	0	0	0	0	0	HCN4
0	0	0	0	0	0	0	0	0	0	0	0	1	HDAC1
0	0	0	0	0	0	0	0	0	0	0	0	1	HDAC2
0	1	0	0	0	0	0	0	0	0	0	0	0	HDAC9
0	0	0	0	0	0	0	0	1	0	0	0	0	HDGF
0	0	0	1	0	0	0	0	0	0	0	0	0	HECTD4
0	1	0	0	0	0	0	0	0	0	0	0	0	HERPUD2
0	0	0	0	0	0	0	1	0	0	0	0	0	HEY2
0	1	0	0	0	0	0	0	0	0	0	0	0	HFE
0	0	1	1	0	0	0	0	0	0	0	0	0	HGF
0	0	0	1	0	0	0	0	0	0	0	0	0	HHIPL1
0	0	1	0	0	0	0	0	0	0	0	0	0	HIF1A
0	0	0	1	0	0	0	0	0	0	0	0	0	HIVEP2
0	0	0	1	0	0	0	0	0	0	0	0	0	HK1
0	0	0	1	0	0	0	0	0	0	0	0	0	HK2
0	0	0	0	0	0	0	0	1	0	0	0	0	HLA-B
0	0	0	0	0	0	0	0	1	0	0	0	0	HLA-C
0	0	0	0	0	0	0	0	0	0	0	0	1	HLA-DPB1
0	1	1	0	0	0	0	0	1	0	0	0	0	HLA-DQA1
0	1	0	0	0	0	0	0	1	0	0	0	0	HLA-DQB1
0	1	0	0	0	0	0	0	1	0	0	0	1	HLA-DRB1
0	0	0	1	0	0	0	0	0	0	0	0	0	HLA-E
1	0	1	1	0	0	0	0	0	0	0	1	0	HMGB1
0	0	0	1	0	0	0	0	0	0	0	0	0	HMGCR
0	0	0	1	0	0	0	0	0	0	0	0	0	HMGCS2
1	0	1	1	0	0	0	0	0	0	0	0	0	HMOX1
0	0	0	1	0	0	0	0	0	0	0	0	0	HNF1A
0	0	1	0	0	0	0	0	1	0	0	0	0	HP
0	0	0	0	1	0	1	0	0	1	1	0	0	HRAS
0	0	1	0	0	0	0	0	0	0	0	0	0	HRH2
0	0	1	0	0	0	0	0	0	0	0	0	0	HRH3
0	0	0	0	0	0	0	0	0	0	0	0	1	HS3ST3B1
0	0	1	0	0	0	0	0	0	0	0	0	0	HSD11B1
0	0	1	0	0	0	0	0	0	0	0	0	0	HSD11B2
0	0	0	0	0	0	0	0	0	0	0	0	1	HSD17B1
0	0	0	0	0	0	0	0	0	0	0	0	1	HSD17B2
0	0	1	0	0	0	0	0	0	0	0	0	0	HSD3B1
0	0	0	0	0	0	0	0	1	0	0	0	0	HSP90AA1
0	0	0	0	0	0	0	0	1	0	0	0	0	HSP90AB1
0	0	0	1	0	0	0	0	0	0	0	0	0	HSPA1A
0	0	0	1	0	0	0	0	0	0	0	0	0	HSPA2
0	1	0	0	0	0	0	0	0	0	0	0	0	HSPA6
0	0	0	1	0	0	0	0	1	0	0	0	0	HSPA9
0	0	0	0	0	0	0	1	1	0	0	0	0	HSPB1
0	0	0	1	0	0	0	1	1	0	0	0	0	HSPD1
0	0	0	0	0	0	0	0	1	0	0	0	0	HSPH1
0	0	1	0	0	0	0	0	0	0	0	0	0	HTR2A
0	0	1	0	0	0	0	0	0	0	0	0	0	HTR2B
0	0	1	0	0	0	0	0	0	0	0	0	0	HTRA1
0	0	0	1	0	0	0	0	0	0	0	0	0	ICA1L
1	0	1	1	0	0	0	0	0	0	0	0	0	ICAM1
0	0	0	1	0	0	0	0	0	0	0	0	0	ID1
0	0	0	1	0	0	0	0	0	0	0	0	0	ID3
0	0	0	0	0	0	0	1	0	1	0	0	0	IDH2
1	0	0	0	0	0	0	0	0	0	0	0	1	IDO1
0	0	1	0	0	0	0	0	0	0	0	0	0	IER3
1	1	0	0	0	0	0	0	1	0	0	0	0	IFNG
0	0	0	1	0	0	0	0	0	0	0	0	1	IFNGR1
1	0	0	0	0	0	0	0	0	0	0	0	0	IFNL3
0	0	1	1	0	0	0	0	0	0	0	0	1	IGF1
0	1	0	0	0	0	0	0	0	0	0	0	0	IGF1R
0	0	0	0	0	0	0	0	0	0	0	0	1	IGFBP1
0	0	0	1	0	0	0	0	0	0	0	0	0	IGFBP3
0	0	0	0	0	0	0	0	0	0	0	0	1	IGFBP6
0	0	0	0	0	0	0	0	0	0	0	0	1	IHH
1	0	1	0	0	0	0	0	0	0	0	0	0	IKBKB
1	1	0	1	0	0	0	0	1	0	0	0	1	IL10
0	1	0	0	0	0	0	0	0	0	0	0	0	IL10RA
0	1	0	0	0	0	0	0	0	0	0	0	0	IL10RB
0	1	0	0	0	0	0	0	0	0	0	0	0	IL11
1	0	0	0	0	0	0	0	0	0	0	0	0	IL13
0	0	0	0	0	0	0	0	0	0	0	0	1	IL15
1	0	0	0	0	0	0	0	0	0	0	0	0	IL17A
1	0	0	0	0	0	0	0	0	0	0	0	0	IL17RA
0	1	0	0	0	0	0	0	0	0	0	0	0	IL19
1	1	0	1	0	0	0	0	0	0	0	0	0	IL1A
1	0	1	1	0	0	0	0	0	0	0	1	1	IL1B
0	0	0	0	0	0	0	0	0	0	0	0	1	IL1R1
0	0	0	1	0	0	0	0	0	0	0	0	0	IL1RL1
1	1	1	0	0	0	0	0	0	0	0	0	0	IL1RN
0	0	0	0	0	0	0	0	1	0	0	0	0	IL2
0	0	0	0	0	0	0	0	1	0	0	0	0	IL21R
0	1	0	0	0	0	0	0	1	0	0	0	0	IL2RA
1	0	0	0	0	0	0	0	0	0	0	0	0	IL4I1
1	1	1	1	0	0	0	0	0	0	0	1	0	IL6
0	0	0	1	0	0	0	0	0	0	0	0	0	IL6ST
0	0	0	0	0	0	0	0	0	0	0	0	1	IL7R
0	0	0	0	0	0	0	0	1	0	0	0	0	ILF2
0	0	0	0	0	0	0	0	0	0	0	0	1	IMPA2
0	0	1	0	0	0	0	0	0	0	0	0	0	INF2
0	0	1	0	0	0	0	0	0	0	0	0	0	INPPL1
0	0	1	0	0	0	0	1	0	0	0	0	0	INS
0	0	1	0	0	0	0	0	0	0	0	0	0	INVS
0	0	0	0	0	0	0	0	1	0	0	0	0	IPO7
0	0	0	1	0	0	0	0	0	0	0	0	0	IRAK1
0	0	0	1	0	0	0	0	0	0	0	0	0	IRF1
1	0	0	0	0	0	0	0	0	0	0	0	0	IRF7
0	0	0	1	0	0	0	0	0	0	0	0	0	IRS1
0	0	0	0	0	0	0	0	0	0	0	0	1	ITGA2
0	1	0	0	0	0	0	0	0	0	0	0	0	ITGA2B
0	0	1	0	0	0	0	0	0	0	0	0	0	ITGA9
0	0	0	0	0	0	0	0	0	0	0	0	1	ITGB1
0	0	0	0	0	0	0	0	0	0	0	0	1	ITGB3BP
0	1	0	0	0	0	0	0	0	0	0	0	0	ITGB5
0	0	0	0	0	0	0	0	0	0	0	0	1	ITGB8
0	1	0	0	0	0	0	0	0	0	0	0	0	ITIH1
0	0	1	0	0	0	0	0	0	0	0	0	0	ITM2B
1	0	0	1	0	0	0	0	0	0	0	0	0	JAK2
0	0	0	1	0	0	0	0	0	0	0	0	0	JCAD
0	0	0	0	0	0	0	1	0	0	0	0	0	JPH2
0	1	1	0	0	0	0	0	0	0	0	1	0	JUN
0	0	0	1	0	0	0	0	0	0	0	0	0	JUNB
0	0	0	0	0	0	0	1	0	0	0	0	0	JUP
0	0	0	1	0	0	0	0	0	0	0	0	0	KALRN
0	1	0	0	1	0	0	0	0	0	0	0	0	KAT6B
0	0	0	0	0	0	0	1	0	0	0	0	0	KAT8
0	0	0	0	0	0	0	1	0	0	0	0	0	KCNE1
0	0	0	1	0	0	0	0	0	0	0	0	0	KCNE2
0	0	0	0	0	0	0	1	0	0	0	0	0	KCNH2
0	0	1	0	0	0	0	0	0	0	0	0	0	KCNJ1
0	1	0	0	0	0	0	0	0	0	0	0	0	KCNJ15
0	0	0	0	0	0	0	1	0	0	0	0	0	KCNJ2
0	0	0	0	0	0	0	1	0	0	0	0	0	KCNJ5
0	0	0	1	0	0	0	0	0	0	0	0	0	KCNJ8
0	0	1	0	0	0	0	0	0	0	0	0	0	KCNMB1
0	0	0	0	0	0	0	1	0	0	0	0	0	KCNQ1
0	0	1	1	0	0	0	0	0	0	0	0	0	KDR
0	0	0	0	0	0	0	0	0	0	0	1	0	KEAP1
0	0	0	0	0	0	1	0	0	0	0	0	0	KIF19
0	0	0	0	1	0	0	0	0	0	0	0	0	KIF24
0	0	0	0	0	0	0	1	0	0	0	0	0	KIF5B
0	0	1	1	0	0	0	0	0	0	0	0	0	KIF6
0	0	0	0	1	0	0	0	0	0	0	0	0	KIFC2
0	0	0	0	0	0	0	0	1	0	0	0	0	KIR3DL1
0	0	0	0	0	0	0	0	1	0	0	0	0	KIR3DS1
0	0	0	1	0	0	0	0	0	0	0	0	0	KITLG
0	0	0	1	0	0	0	0	0	0	0	0	0	KL
0	0	0	0	0	0	0	1	0	0	0	0	0	KLF10
0	0	0	0	0	0	0	0	0	0	0	0	1	KLF13
0	1	0	1	0	0	0	0	0	0	0	0	0	KLF4
0	0	0	0	0	0	0	0	0	0	0	0	1	KLF9
0	0	0	0	0	0	0	1	0	0	0	0	0	KLHL24
0	0	1	0	0	0	0	0	0	0	0	0	0	KLK1
0	0	1	0	0	0	0	0	0	0	0	0	0	KNG1
0	0	0	0	0	0	0	0	1	0	0	0	0	KPNB1
0	1	0	0	1	0	1	0	0	1	1	0	1	KRAS
0	0	0	0	0	1	0	0	0	0	0	0	0	KRIT1
0	0	1	0	0	0	0	0	0	0	0	0	0	KSR2
1	0	0	0	0	0	0	0	0	0	0	0	0	KYNU
0	1	0	0	0	0	0	0	0	0	0	0	0	LACC1
0	0	0	0	0	0	0	1	0	0	0	0	0	LAMA2
0	0	0	0	0	0	0	0	0	0	0	0	1	LAMB1
0	0	0	0	0	0	0	1	0	0	0	0	0	LAMP2
1	0	0	0	0	0	0	0	0	0	0	0	0	LCN2
0	0	0	0	0	0	0	1	0	0	0	0	0	LDB3
0	0	0	1	0	0	0	0	0	0	0	0	0	LDLR
1	0	1	0	0	0	0	0	0	0	0	0	0	LEP
0	0	1	1	0	0	0	0	0	0	0	0	0	LEPR
0	0	1	0	0	0	0	0	0	0	0	0	0	LHB
0	1	0	0	0	0	0	0	0	0	0	0	0	LILRA5
0	0	0	1	0	0	0	0	0	0	0	0	0	LIPA
0	0	0	1	0	0	0	0	0	0	0	0	0	LIPC
0	0	1	0	0	0	0	0	0	0	0	0	0	LIPE
0	0	0	1	0	0	0	0	0	0	0	0	0	LIPG
0	0	0	0	0	0	0	1	0	0	0	0	0	LMNA
0	0	0	1	0	0	0	0	0	0	0	0	1	LMOD1
0	1	0	0	0	0	0	0	0	0	0	0	0	LMX1B
0	0	1	0	0	0	0	0	0	0	0	0	0	LOX
0	0	1	1	0	0	0	0	0	0	0	0	0	LPL
0	1	0	0	0	0	0	0	0	0	0	0	0	LPP
0	0	0	1	0	0	0	0	0	0	0	0	0	LRP8
0	0	0	0	1	0	1	0	0	1	1	0	0	LRRC56
0	0	0	1	0	0	0	0	0	0	0	0	0	LTA
1	0	0	0	0	0	0	0	0	0	0	0	0	LTB4R
0	1	0	0	0	0	0	0	0	0	0	0	0	LTBP1
0	1	0	0	0	0	0	0	0	0	0	0	0	LTBP3
1	0	1	0	0	0	0	0	0	0	0	0	1	LTF
0	0	0	1	0	0	0	0	0	0	0	0	0	LUM
0	0	0	0	0	0	0	0	1	0	0	0	0	LYN
0	0	0	0	1	0	1	1	0	0	0	0	0	LZTR1
0	1	0	0	0	0	0	0	0	0	0	0	0	MAD1L1
0	1	0	0	0	0	0	0	0	0	0	0	0	MAFF
0	1	0	0	0	0	0	0	0	0	0	0	0	MAML2
0	0	0	0	0	0	0	0	0	0	0	0	1	MAOA
0	0	0	0	0	0	0	0	0	0	0	0	1	MAOB
0	1	0	0	0	0	0	0	0	0	0	0	0	MAP2
0	0	0	0	1	0	0	0	0	1	0	0	0	MAP2K1
0	0	0	0	1	0	0	0	0	0	0	0	0	MAP2K2
0	0	0	0	0	0	0	0	0	0	0	1	0	MAP3K7
0	0	0	1	0	0	0	0	0	0	0	0	0	MAP3K8
0	1	0	0	1	0	0	0	0	0	0	1	0	MAPK1
0	0	0	1	0	0	0	0	0	0	0	1	0	MAPK14
0	0	0	0	0	0	0	0	0	0	0	1	0	MAPK3
0	0	0	0	0	0	0	0	0	0	0	1	0	MAPK8
0	0	0	0	0	0	0	0	0	0	0	1	0	MAPK9
0	0	0	1	0	0	0	0	0	0	0	0	0	MAPRE1
0	1	0	0	0	0	0	0	0	0	0	0	0	MAPT
0	0	0	0	0	0	0	1	0	0	0	0	0	MASP1
1	0	0	0	0	0	0	0	0	0	0	0	0	MASP2
0	0	0	1	0	0	0	0	0	0	0	0	0	MAT2A
0	0	0	0	0	0	0	0	1	0	0	0	0	MAZ
0	0	0	0	0	0	0	0	1	0	0	0	0	MBL2
1	0	0	0	0	0	0	0	0	0	0	0	0	MBP
0	0	1	0	0	0	0	0	0	0	0	0	0	MC2R
0	0	1	0	0	0	0	0	0	0	0	0	0	MDH1
0	0	0	0	0	0	0	0	1	0	0	0	0	MDM2
0	0	0	0	0	0	0	0	0	0	0	0	1	MED1
0	0	0	0	0	0	0	0	0	0	0	0	1	MED14
0	0	0	0	0	0	0	0	0	0	0	0	1	MED16
0	0	0	0	0	0	0	0	0	0	0	0	1	MED17
0	0	0	0	0	0	0	0	0	0	0	0	1	MED4
0	0	1	0	0	0	0	0	0	0	0	0	0	MEN1
0	0	0	1	0	0	0	0	0	0	0	0	0	MEOX2
0	1	0	0	0	0	0	0	0	0	0	0	0	MEX3C
0	0	0	1	0	0	0	0	0	0	0	0	0	MIA3
1	0	0	0	0	0	0	0	0	0	0	0	0	MIF
0	0	0	0	0	0	0	0	1	0	0	0	0	MKI67
0	0	0	0	1	0	0	0	0	0	0	0	0	MKRN2
0	0	0	1	0	0	0	0	0	0	0	0	0	MLXIPL
0	0	1	1	0	0	0	1	0	0	0	0	0	MMP1
0	0	0	1	0	0	0	0	0	0	0	0	0	MMP12
1	0	1	0	0	0	0	0	0	0	0	1	0	MMP2
0	0	0	1	0	0	0	0	0	0	0	0	0	MMP3
1	0	1	1	0	0	0	0	0	0	0	1	0	MMP9
0	0	0	0	0	0	1	0	0	0	0	0	0	MOCS3
0	0	1	0	0	0	0	0	0	0	0	0	0	MOV10
1	0	0	0	0	0	0	0	0	0	0	1	0	MPO
0	0	0	1	1	0	0	0	0	0	0	0	0	MRAS
0	0	0	1	0	0	0	0	0	0	0	0	0	MRPS6
0	1	0	0	0	0	0	0	0	0	0	0	0	MS4A4A
0	1	0	1	0	0	0	0	0	0	0	0	0	MSN
0	0	0	0	0	0	0	0	0	0	0	0	1	MTA1
0	0	0	0	0	0	0	0	0	0	0	0	1	MTA2
0	0	0	1	0	0	0	0	0	0	0	0	0	MTHFR
0	0	1	0	0	0	0	0	0	0	0	0	0	MTOR
0	0	1	0	0	0	0	0	0	0	0	0	0	MTR
0	1	0	0	0	0	0	0	0	0	0	0	0	MTSS1
0	0	1	0	0	0	0	0	0	0	0	0	0	MTTP
0	0	1	0	0	0	0	0	0	0	0	0	0	MTX2
1	0	0	0	0	0	0	0	0	0	0	0	0	MVK
0	0	0	1	0	0	0	0	0	0	0	0	0	MX1
0	0	0	0	0	0	0	1	0	0	0	0	0	MYBPC3
0	0	0	0	0	0	1	1	0	0	0	0	0	MYBPHL
0	0	0	0	0	0	0	1	0	0	0	0	0	MYC
1	0	1	0	0	0	0	0	0	0	0	1	0	MYD88
0	0	0	0	0	0	0	1	0	0	0	0	0	MYH6
0	0	1	0	0	0	0	1	0	0	0	0	0	MYH7
0	0	0	0	0	0	0	1	0	0	0	0	0	MYH7B
0	0	1	0	0	0	0	0	0	0	0	0	0	MYH9
0	0	0	0	0	0	0	1	0	0	0	0	0	MYL2
0	0	0	0	0	0	0	1	0	0	0	0	0	MYL3
0	0	0	0	0	0	0	1	0	0	0	0	0	MYL4
0	0	0	0	0	0	0	1	0	0	0	0	0	MYL7
0	0	0	0	0	0	0	0	0	0	0	0	1	MYLIP
0	0	0	1	0	0	0	0	0	0	0	0	0	MYLK
0	0	0	0	0	0	0	1	0	0	0	0	0	MYLK2
0	0	0	0	0	0	1	1	0	0	0	0	0	MYOM1
0	0	0	0	0	0	0	1	0	0	0	0	0	MYOZ2
0	0	0	0	0	0	0	1	0	0	0	0	0	MYPN
0	0	0	0	0	0	1	0	0	0	0	0	0	MYRF
0	1	0	0	0	0	0	0	0	0	0	0	0	MYZAP
0	0	0	1	0	0	0	0	0	0	0	0	0	NAT2
0	0	0	1	0	0	0	0	0	0	0	0	0	NBEAL1
0	0	1	0	0	0	0	0	0	0	0	0	0	NCF1
0	0	0	1	0	0	0	0	0	0	0	0	0	NCL
0	0	0	0	0	0	0	0	0	0	0	0	1	NCOA1
0	0	0	0	0	0	0	0	0	0	0	0	1	NCOA6
0	0	0	0	0	0	0	0	0	0	0	0	1	NCOR1
0	1	0	0	0	0	0	0	0	0	0	0	0	NDEL1
0	0	0	0	0	0	0	0	0	0	0	0	1	NDNF
0	0	0	0	0	0	0	1	0	0	0	0	0	NDUFA13
0	0	0	0	0	0	0	1	0	0	0	0	0	NDUFS1
0	0	0	0	0	0	0	1	0	0	0	0	0	NDUFS2
0	0	0	0	0	0	1	0	0	0	0	0	0	NEB
0	0	0	0	0	0	0	1	0	0	0	0	0	NEBL
0	0	0	1	0	0	0	0	0	0	0	0	0	NEDD4
0	0	1	0	0	0	0	0	0	0	0	0	1	NEDD4L
0	0	0	0	0	0	0	0	1	0	0	0	1	NEFM
0	0	0	0	1	0	0	0	0	0	0	0	0	NEK1
0	0	0	0	0	0	1	0	0	0	0	0	0	NEU1
0	0	0	0	0	0	0	1	0	0	0	0	0	NEXN
0	0	0	0	1	0	0	0	0	0	0	0	0	NF1
0	0	1	0	0	0	0	0	0	0	0	1	0	NFE2L2
0	0	0	1	0	0	0	0	0	0	0	0	0	NFKBIA
1	0	0	0	0	0	0	0	0	0	0	0	0	NGF
0	0	1	0	0	0	0	0	0	0	0	0	0	NHERF2
0	0	0	0	0	0	0	1	0	0	0	0	0	NKX2-5
0	1	0	0	0	0	0	0	0	0	0	0	0	NLRP12
1	0	0	0	0	0	0	0	0	0	0	0	0	NLRP3
0	0	0	0	0	0	0	1	0	0	0	0	0	NME1
0	1	0	1	1	0	0	0	0	0	0	0	0	NOD2
1	0	1	0	0	0	0	0	0	0	0	1	0	NOS2
0	0	1	1	0	0	0	0	0	0	0	1	0	NOS3
0	0	1	0	0	0	0	0	0	0	0	0	0	NOX4
0	0	1	0	0	0	0	0	0	0	0	0	0	NPHP3
0	0	1	1	0	0	0	0	0	0	0	0	0	NPPA
1	0	1	1	0	0	0	0	0	0	0	0	0	NPPB
0	0	1	0	0	0	0	0	0	0	0	0	0	NPPC
0	0	1	0	0	0	0	0	0	0	0	0	0	NPR1
0	0	1	0	0	0	0	0	0	0	0	0	0	NPR3
0	0	1	1	0	0	0	0	0	0	0	0	0	NPTN
0	0	1	0	0	0	0	0	0	0	0	0	0	NPY
0	0	1	0	0	0	0	0	0	0	0	0	0	NQO1
0	0	0	0	0	0	0	0	0	0	0	0	1	NR1D2
1	0	0	0	0	0	0	0	0	0	0	1	0	NR1H4
0	0	0	0	0	0	0	0	0	0	0	0	1	NR2C1
0	0	0	0	0	0	0	0	0	0	0	0	1	NR2C2
0	0	0	0	0	0	0	0	0	0	0	0	1	NR2F2
0	0	0	0	0	0	0	0	0	0	0	0	1	NR2F6
0	0	1	1	0	0	0	0	0	0	0	0	1	NR3C1
0	0	0	0	0	0	0	0	0	0	0	0	1	NR3C2
0	0	0	1	0	0	0	0	0	0	0	0	1	NR4A1
0	1	0	0	0	0	0	0	0	0	0	0	0	NR4A2
0	1	0	0	0	0	0	0	0	0	0	0	0	NR4A3
0	0	0	0	0	0	0	0	0	0	0	0	1	NR5A1
0	0	0	0	1	0	0	0	0	1	1	0	0	NRAS
0	1	0	0	0	0	0	0	0	0	0	0	0	NRG1
0	0	0	0	0	0	0	0	0	0	0	0	1	NRP1
0	0	0	0	0	0	1	0	0	0	0	0	0	NSD1
0	0	0	0	0	0	0	1	0	0	0	0	0	NSD2
0	0	0	0	1	0	0	0	0	0	0	0	0	NSUN2
0	0	1	0	0	0	0	0	0	0	0	0	0	NTM
0	0	0	0	0	0	0	0	0	0	0	0	1	NTRK3
0	0	0	0	0	0	0	0	1	0	0	0	0	NUP88
0	0	0	0	0	0	0	0	1	0	0	0	0	NUTF2
0	0	0	0	0	0	0	1	0	0	0	0	0	OBSCN
0	0	0	0	0	0	0	0	1	0	0	0	0	ODC1
0	0	1	1	0	0	0	0	1	0	0	0	0	OGG1
0	0	0	0	0	0	0	0	0	0	0	0	1	OLFM4
0	1	1	1	0	0	0	0	0	0	0	0	0	OLR1
0	0	1	0	0	0	0	0	0	0	0	0	0	ORAI1
0	1	0	0	0	0	0	0	0	0	0	0	0	OSM
0	0	0	0	0	0	0	0	0	0	0	0	1	OSR2
0	0	1	0	0	0	0	0	0	0	0	0	0	OXSR1
1	0	1	0	0	0	0	0	0	0	0	0	0	OXT
0	0	0	0	0	0	0	1	0	0	0	0	0	OXTR
0	0	0	1	0	0	0	0	0	0	0	0	0	P4HB
0	1	0	0	0	0	0	0	0	0	0	0	0	PACSIN2
0	0	0	0	1	0	0	0	0	0	0	0	0	PAH
0	0	0	1	0	0	0	0	0	0	0	0	1	PAPPA
0	0	0	1	0	0	0	0	0	0	0	0	0	PARL
1	0	0	0	0	0	0	0	0	0	0	0	0	PARP1
0	0	0	0	0	0	0	0	0	0	0	0	1	PAX2
0	1	0	0	0	0	0	0	0	0	0	0	0	PCYT1B
0	0	0	0	0	1	0	0	0	0	0	0	0	PDCD10
0	0	0	1	0	0	0	0	0	0	0	0	0	PDE4B
0	0	0	1	0	0	0	0	0	0	0	0	0	PDGFD
0	0	0	1	0	0	0	0	0	0	0	0	0	PDHA1
0	0	0	1	0	0	0	0	0	0	0	0	0	PDK4
0	0	0	0	0	0	0	1	0	0	0	0	0	PDLIM3
0	0	0	1	0	0	0	0	0	0	0	0	0	PDLIM5
0	0	0	1	0	0	0	0	0	0	0	0	0	PEBP1
0	0	0	1	0	0	0	0	0	0	0	0	0	PECAM1
0	1	0	0	0	0	0	0	0	0	0	0	0	PER1
0	0	0	1	0	0	0	0	0	0	0	0	0	PFKFB3
0	0	0	1	0	0	0	0	0	0	0	0	0	PFKM
0	0	0	1	0	0	0	0	0	0	0	0	0	PGM1
0	1	0	0	0	0	0	0	0	0	0	0	0	PGM5
0	0	0	0	0	0	0	0	0	0	0	0	1	PGR
0	0	0	1	0	0	0	0	0	0	0	0	0	PHACTR1
0	0	0	0	0	0	1	0	0	0	0	0	0	PIEZO1
0	0	0	0	0	0	1	0	0	0	0	0	0	PIGC
0	0	0	0	1	1	0	0	0	1	1	0	0	PIK3CA
0	0	0	0	0	0	0	0	0	1	0	0	0	PIK3R1
0	0	0	0	0	1	0	0	0	0	0	0	0	PIK3R2
0	0	1	0	0	0	0	0	0	0	0	0	0	PKD1
0	0	1	0	0	0	0	0	0	0	0	0	0	PKD2
0	0	0	0	0	0	0	1	0	0	0	0	0	PKP2
0	0	0	1	0	0	0	0	1	0	0	0	1	PLA2G2A
0	0	0	1	0	0	0	0	0	0	0	0	0	PLA2G7
1	0	0	0	0	0	0	0	0	0	0	0	0	PLAA
0	0	1	0	0	0	0	0	0	0	0	0	0	PLAT
1	1	0	0	0	0	0	0	0	0	0	0	0	PLAUR
0	0	1	0	0	0	0	0	0	0	0	0	0	PLG
0	1	0	0	0	0	0	0	0	0	0	0	0	PLK2
0	0	0	0	0	0	0	1	0	0	0	0	0	PLN
0	1	0	0	0	0	0	0	0	0	0	0	0	PLOD2
0	0	0	1	0	0	0	0	0	0	0	0	0	PLPP3
0	0	0	0	0	0	0	0	0	0	0	0	1	PLXNC1
0	0	0	0	0	0	0	1	0	0	0	0	0	PMPCA
0	0	1	0	0	0	0	0	0	0	0	0	0	PNMT
0	0	0	1	0	0	0	0	0	0	0	0	0	PNPLA3
0	0	0	0	0	0	0	1	0	0	0	0	0	POLG
0	0	1	1	0	0	0	1	0	0	0	0	0	POMC
0	0	1	1	0	0	0	0	0	0	0	0	0	PON1
0	0	0	1	0	0	0	0	0	0	0	0	0	PON2
1	0	1	1	0	0	0	0	0	0	0	0	0	PPARA
1	0	1	0	0	0	0	0	0	0	0	0	0	PPARG
0	0	0	1	0	0	0	0	0	0	0	0	0	PPAT
0	0	1	0	0	0	0	0	0	0	0	0	0	PPBP
0	0	0	0	0	0	0	0	1	0	0	0	0	PPIA
0	0	0	0	0	0	0	0	1	0	0	0	0	PPIB
0	0	0	1	0	0	0	0	0	0	0	0	0	PPM1B
0	0	0	0	1	0	0	0	0	0	0	0	0	PPP1CB
0	0	0	1	0	0	0	0	0	0	0	0	0	PPP2CA
0	0	0	1	0	0	0	0	0	0	0	0	0	PPP3R1
0	0	0	1	0	0	0	0	0	0	0	0	0	PRDM16
0	0	0	1	0	0	0	0	0	0	0	0	0	PRDX6
0	0	0	0	0	0	0	0	1	0	0	0	0	PRF1
0	0	1	0	0	0	0	1	0	0	0	0	0	PRKAG2
0	0	1	0	0	0	0	0	0	0	0	0	0	PRKCD
0	0	0	1	0	0	0	0	0	0	0	0	0	PRKCE
0	0	0	0	0	0	0	0	0	0	0	0	1	PRL
0	0	1	0	0	0	0	0	0	0	0	0	0	PRLHR
0	0	0	0	0	0	0	0	0	0	0	0	1	PRLR
0	0	1	0	0	0	0	0	0	0	0	0	0	PROC
1	0	0	1	0	0	0	0	0	0	0	0	0	PROCR
0	1	0	0	0	0	0	0	0	0	0	0	0	PROS1
0	0	0	0	0	0	1	0	0	0	0	0	0	PRPF19
0	0	0	0	0	0	0	0	1	0	0	0	0	PRPF8
0	0	0	0	0	0	0	0	1	0	0	0	0	PSMA4
0	0	0	0	0	0	0	0	1	0	0	0	0	PSMA5
0	0	0	0	0	0	0	0	1	0	0	0	0	PSMA6
0	0	0	0	0	0	0	0	1	0	0	0	0	PSMB10
0	0	0	0	0	0	0	0	1	0	0	0	0	PSMB4
0	0	0	1	0	0	0	0	0	0	0	0	0	PSMB5
0	0	0	0	0	0	0	0	1	0	0	0	0	PSMC3
0	0	0	0	0	0	0	0	1	0	0	0	0	PSMC5
0	0	0	0	0	0	0	0	1	0	0	0	0	PSMD13
0	0	0	0	0	0	0	0	1	0	0	0	0	PSMD3
0	0	0	0	0	0	0	0	1	0	0	0	0	PSMD6
0	0	0	0	0	0	0	0	1	0	0	0	0	PSMD8
0	0	0	0	0	0	0	0	1	0	0	0	0	PSME1
0	0	0	0	0	0	0	0	1	0	0	0	0	PSME2
0	0	0	0	0	0	0	0	1	0	0	0	0	PSME3
0	0	0	0	0	0	0	0	1	0	0	0	0	PSME4
0	0	0	1	0	0	0	0	0	0	0	0	0	PSRC1
0	0	0	0	0	0	0	0	1	0	0	0	0	PTCH1
0	0	1	0	0	0	0	0	0	0	0	0	0	PTEN
0	0	0	0	0	0	0	0	0	0	0	0	1	PTGER2
1	0	0	0	0	0	0	0	0	0	0	0	1	PTGER4
1	0	0	0	0	0	0	0	0	0	0	0	0	PTGES
0	0	0	0	0	0	0	0	0	0	0	0	1	PTGFR
0	0	1	0	0	0	0	0	0	0	0	0	0	PTGIS
1	0	1	1	0	0	0	0	0	0	0	0	1	PTGS2
0	0	1	0	0	0	0	0	0	0	0	0	0	PTH
0	0	1	0	0	0	0	0	0	0	0	0	0	PTK2B
1	0	1	1	0	0	0	0	0	0	0	0	0	PTPN1
0	0	0	0	1	0	1	1	0	0	0	0	0	PTPN11
0	1	0	0	0	0	0	0	0	0	0	0	0	PTPN2
0	1	0	1	0	0	0	0	0	0	0	0	1	PTPN22
0	0	0	1	0	0	0	0	0	0	0	0	0	PTPRA
0	0	1	1	0	0	0	0	0	0	0	0	0	PTPRD
0	0	0	1	0	0	0	0	0	0	0	0	0	PYGB
0	1	0	0	0	0	0	0	0	0	0	0	0	R3HDM2
0	0	0	0	0	0	0	0	1	0	0	0	0	RAB11B
0	0	0	1	0	0	0	0	0	0	0	0	0	RAB12
0	0	0	1	0	0	0	0	0	0	0	0	0	RAB1B
0	0	0	0	0	0	0	0	1	0	0	0	0	RAB32
0	0	0	1	0	0	0	0	0	0	0	0	0	RAB5A
0	0	0	1	0	0	0	0	0	0	0	0	0	RAB7A
0	0	0	0	1	0	0	1	0	0	0	0	0	RAF1
0	0	1	1	0	0	0	0	0	0	0	0	0	RALBP1
0	0	1	0	0	0	0	0	0	0	0	0	0	RAMP2
0	0	0	0	0	0	0	0	1	0	0	0	0	RAN
0	0	0	0	0	0	0	0	1	0	0	0	0	RANBP1
0	0	0	0	0	0	0	0	0	0	0	0	1	RARB
0	0	0	0	1	1	0	0	0	1	0	0	0	RASA1
0	0	0	0	1	0	0	0	0	0	0	0	0	RASA2
0	1	0	0	0	0	0	0	0	0	0	0	0	RASGEF1B
0	0	0	0	0	0	0	0	0	0	0	0	1	RASGRP1
0	0	1	0	0	0	0	0	0	0	0	0	0	RASGRP3
0	0	0	0	0	0	0	0	0	0	0	0	1	RASL11A
0	0	0	0	0	0	0	1	0	0	0	0	0	RASSF1
0	0	0	0	0	0	0	1	0	0	0	0	0	RBM20
0	1	0	0	0	0	0	0	0	0	0	0	0	RBM47
0	0	0	1	0	0	0	0	0	0	0	0	0	RBP4
0	0	0	0	0	0	0	0	0	0	0	0	1	RBPJ
0	0	1	0	0	0	0	0	0	0	0	0	0	REG3G
0	0	1	0	0	0	0	0	0	0	0	1	0	RELA
0	0	1	0	0	0	0	0	0	0	0	0	0	REN
0	1	0	0	0	0	0	0	0	0	0	0	0	RERE
0	0	1	0	0	0	0	1	0	0	0	0	0	RETN
0	0	1	0	0	0	0	0	0	0	0	0	0	RGS2
0	0	0	0	0	0	0	0	0	0	0	0	1	RGS4
0	0	1	0	0	0	0	0	0	0	0	0	0	RGS5
0	1	0	0	0	0	0	0	0	0	0	0	0	RHOBTB1
0	0	0	1	0	0	0	0	0	0	0	0	0	RHOC
0	1	0	0	0	0	0	0	0	0	0	0	0	RIPK1
0	0	0	0	1	1	1	0	0	0	0	0	0	RIT1
0	0	0	1	0	0	0	0	0	0	0	0	0	RLN3
0	1	0	0	0	0	0	0	0	0	0	0	0	RNF103
0	0	0	0	0	0	0	1	0	0	0	0	0	RNF123
0	0	1	0	0	0	0	0	0	0	0	0	0	RNLS
0	0	0	0	0	0	1	0	0	0	0	0	0	ROCK2
0	0	0	0	0	0	0	0	0	0	0	0	1	RORB
1	0	0	0	0	0	0	0	0	0	0	0	0	RORC
0	0	0	1	0	0	0	0	0	0	0	0	0	RPL17
0	0	0	0	0	0	0	1	0	0	0	0	0	RPL36A-HNRNPH2
0	0	0	0	1	0	0	0	0	0	0	0	0	RPL6
0	0	1	0	0	0	0	1	0	0	0	0	0	RPS6KB1
0	0	0	0	1	0	0	0	0	0	0	0	0	RRAS
0	0	0	0	1	0	0	0	0	0	0	0	0	RRAS2
0	0	0	1	0	0	0	0	0	0	0	0	0	RSAD2
0	0	0	1	0	0	0	0	0	0	0	0	0	RTN1
0	1	0	0	0	0	0	0	0	0	0	0	0	RUNX2
0	0	0	0	0	0	0	0	0	0	0	0	1	RXFP1
0	0	0	1	0	0	0	0	0	0	0	0	0	RXRG
0	0	0	1	0	0	0	1	0	0	0	0	0	RYR2
0	0	0	1	0	0	0	0	0	0	0	0	0	SARS1
0	1	0	0	0	0	0	0	0	0	0	0	0	SBNO1
1	0	0	0	0	0	0	0	0	0	0	0	0	SCGB1A1
0	0	0	0	0	0	0	0	0	0	0	0	1	SCGB3A1
0	0	0	0	0	0	0	1	0	0	0	0	0	SCN5A
0	0	1	0	0	0	0	0	0	0	0	0	0	SCNN1A
0	0	1	0	0	0	0	0	0	0	0	0	0	SCNN1B
0	0	1	0	0	0	0	0	0	0	0	0	0	SCNN1G
0	0	0	0	0	0	0	1	0	0	0	0	0	SCO2
0	0	0	1	0	0	0	0	0	0	0	0	0	SELE
0	0	0	0	0	0	0	0	0	0	0	0	1	SELENOP
1	0	0	0	0	0	0	0	0	0	0	0	0	SELENOS
0	0	1	1	0	0	0	0	0	0	0	0	0	SELP
0	0	0	0	0	0	0	0	1	0	0	0	0	SERPINA1
0	0	0	0	0	0	1	0	0	0	0	0	0	SERPINA11
0	0	1	1	0	0	0	0	0	0	0	0	0	SERPINE1
0	0	0	0	0	0	0	0	0	0	0	0	1	SERPINF1
0	0	0	0	0	0	0	0	1	0	0	0	0	SF3A3
0	0	0	0	0	0	0	0	1	0	0	0	0	SFPQ
0	0	1	0	0	0	0	0	0	0	0	0	0	SGK1
1	0	0	1	0	0	0	0	0	0	0	0	0	SH2B3
0	1	0	0	0	0	0	0	0	0	0	0	0	SH2D2A
0	1	0	0	0	0	0	0	0	0	0	0	0	SH3BGRL2
0	0	0	0	1	0	1	0	0	0	0	0	0	SHOC2
0	1	0	0	0	0	0	0	0	0	0	0	0	SIK1
0	1	0	0	0	0	0	0	0	0	0	0	0	SIPA1L1
0	0	0	0	0	0	0	0	1	0	0	0	0	SIRT1
0	1	0	0	0	0	0	0	0	0	0	0	0	SKP2
1	1	0	0	0	0	0	0	1	0	0	0	0	SLC11A1
0	0	1	0	0	0	0	0	0	0	0	0	0	SLC12A2
0	0	1	0	0	0	0	0	0	0	0	0	0	SLC12A3
0	0	0	0	0	0	0	0	0	0	0	0	1	SLC16A6
0	0	0	0	0	0	0	0	0	0	0	0	1	SLC1A1
0	0	0	0	0	0	0	0	0	0	0	0	1	SLC20A1
0	1	0	0	0	0	0	0	0	0	0	0	0	SLC22A16
1	0	0	0	0	0	0	0	0	0	0	0	0	SLC22A5
0	0	0	0	0	0	0	1	0	0	0	0	0	SLC25A4
0	1	0	0	0	0	0	0	0	0	0	0	0	SLC26A2
0	0	0	0	1	0	0	0	0	0	0	0	0	SLC26A4
0	1	0	0	0	0	0	0	0	0	0	0	0	SLC2A3
0	0	0	0	0	0	0	1	0	0	0	0	0	SLC30A5
0	0	0	0	0	0	0	0	0	0	0	0	1	SLC40A1
0	0	0	1	0	0	0	0	0	0	0	0	0	SLC5A3
0	0	1	0	0	0	0	0	0	0	0	0	0	SLC6A18
0	0	1	0	0	0	0	0	0	0	0	0	0	SLC6A2
0	0	0	1	0	0	0	0	0	0	0	0	0	SLC6A6
0	0	0	0	0	0	0	0	0	0	0	0	1	SLC7A8
0	0	1	1	0	0	0	0	0	0	0	0	0	SLC8A1
0	0	0	0	0	0	0	1	0	0	0	0	0	SLC9A1
0	1	0	0	0	0	0	0	0	0	0	0	0	SMAD3
0	1	0	0	0	0	0	0	0	0	0	0	0	SMO
0	0	0	0	0	1	0	0	0	0	0	0	0	SMOC1
0	0	0	0	0	0	0	0	0	0	0	0	1	SMPDL3A
0	0	0	0	0	0	0	1	0	0	0	0	0	SMYD1
0	0	0	1	0	0	0	0	0	0	0	0	0	SNAP23
0	0	0	0	1	0	0	0	0	0	0	0	0	SNAPC5
0	0	0	0	0	0	0	0	1	0	0	0	0	SNRPD3
0	0	0	1	0	0	0	0	0	0	0	0	0	SOAT2
0	0	0	1	0	0	0	0	0	0	0	0	0	SOCS3
1	0	1	0	0	0	0	0	0	0	0	0	0	SOD1
0	0	1	1	0	0	0	0	0	0	0	0	0	SOD2
0	0	1	1	0	0	0	0	0	0	0	0	0	SOD3
0	0	0	1	0	0	0	0	0	0	0	0	0	SORT1
0	0	0	0	1	0	0	0	0	0	0	0	0	SOS1
0	0	0	0	1	0	0	0	0	0	0	0	0	SOS2
0	0	0	1	0	0	0	0	0	0	0	0	0	SPARC
0	0	0	0	0	0	0	0	0	0	0	0	1	SPARCL1
0	0	0	0	1	0	0	0	0	0	0	0	0	SPRED1
0	0	0	0	1	0	0	0	0	0	0	0	0	SPRED2
0	0	0	0	0	0	0	0	0	0	0	0	1	SRD5A1
0	0	0	0	0	0	0	0	0	0	0	0	1	SRD5A2
0	0	0	1	0	0	0	0	0	0	0	0	0	SREBF1
0	0	0	0	0	0	0	0	1	0	0	0	0	SRF
0	0	0	0	0	0	0	1	0	0	0	0	0	SRI
0	0	0	0	0	0	0	0	1	0	0	0	0	SRSF1
0	0	0	0	0	0	0	0	1	0	0	0	0	SRSF9
0	0	0	0	0	0	0	0	0	0	0	0	1	SST
0	1	0	0	0	0	0	0	0	0	0	0	0	STAB1
1	1	0	0	0	0	0	0	0	0	0	0	0	STAT3
0	1	0	0	0	0	0	0	0	0	0	0	0	STAT4
0	0	0	1	0	0	0	0	0	0	0	0	0	STAT5A
0	0	0	0	0	0	0	0	0	0	0	0	1	STC2
0	1	1	0	0	0	0	0	0	0	0	0	0	STIM1
0	0	1	0	0	0	0	0	0	0	0	0	0	STK11
0	0	1	0	0	0	0	0	0	0	0	0	0	STK39
1	0	0	0	0	0	0	0	0	0	0	0	0	STS
0	0	0	0	0	0	0	0	0	0	0	0	1	SUCLG2
0	0	0	0	0	0	0	0	0	0	0	0	1	SULF2
0	0	0	1	0	0	0	0	0	0	0	0	0	SULT1A1
1	0	0	0	0	0	0	0	0	0	0	0	0	SULT2B1
0	0	0	0	0	0	1	0	0	0	0	0	0	SUZ12
0	0	0	0	0	0	1	0	0	0	0	0	0	SVOPL
1	0	0	0	0	0	0	0	0	0	0	0	0	TAC1
0	0	1	0	0	0	0	0	0	0	0	0	0	TACR1
0	0	0	0	0	0	0	0	0	0	0	0	1	TACSTD2
0	0	0	0	0	0	0	0	1	0	0	0	0	TAF9
0	0	0	0	0	0	0	0	0	0	0	0	1	TAGLN
0	0	0	1	0	0	0	0	0	0	0	0	0	TAP1
0	0	0	0	0	0	0	1	0	0	0	0	0	TBCA
0	0	0	1	0	0	0	0	0	0	0	0	0	TBX2
1	0	0	0	0	0	0	0	0	0	0	0	0	TBX21
0	0	0	0	0	0	0	1	0	0	0	0	0	TCAP
0	0	0	1	0	0	0	0	0	0	0	0	0	TCF21
0	1	0	1	0	0	0	0	0	0	0	0	0	TCF7L2
0	0	0	0	0	0	0	0	0	1	0	0	0	TEK
0	0	0	1	0	0	0	0	0	0	0	0	0	TERT
1	0	0	0	0	0	0	0	0	0	0	0	0	TES
1	0	0	0	0	0	0	0	0	0	0	0	0	TF
0	1	0	0	0	0	0	0	0	0	0	0	0	TFDP1
0	1	0	0	0	0	0	0	0	0	0	0	0	TFPI
1	0	0	1	0	0	0	0	0	0	0	0	0	TFRC
1	0	0	0	0	0	0	0	0	0	0	0	0	TGFA
1	1	1	0	0	0	0	0	0	0	0	1	0	TGFB1
0	0	0	0	0	0	0	0	0	0	0	0	1	TGFB2
0	0	0	0	0	0	0	1	0	0	0	0	0	TGFB3
0	0	1	0	0	0	0	0	0	0	0	0	0	TGM2
0	0	0	1	0	0	0	0	0	0	0	0	0	TGOLN2
0	0	1	0	0	0	0	0	0	0	0	0	0	TH
0	1	0	0	0	0	0	0	0	0	0	0	0	THBS1
0	0	0	0	0	0	0	0	0	0	0	0	1	THRA
0	0	0	0	0	0	1	0	0	0	0	0	0	THSD1
1	0	1	0	0	0	0	0	0	0	0	1	0	TIMP1
0	0	0	0	0	0	0	0	0	0	0	1	0	TIMP2
0	0	0	1	0	0	0	0	0	0	0	0	0	TLE4
0	0	0	1	0	0	0	0	0	0	0	0	0	TLE5
0	0	0	1	0	0	0	0	0	0	0	0	0	TLL1
1	0	0	0	0	0	0	0	0	0	0	0	0	TLR2
0	0	1	0	0	0	0	0	1	0	0	0	0	TLR3
1	0	1	1	0	0	0	0	0	0	0	1	0	TLR4
0	1	0	0	0	0	0	0	0	0	0	0	0	TLR8
1	0	0	0	0	0	0	0	0	0	0	0	0	TLR9
0	0	0	1	0	0	0	0	0	0	0	0	0	TMED2
0	0	0	0	1	0	0	0	0	0	0	0	0	TMEM256
0	0	0	0	1	0	0	0	0	0	0	0	0	TMEM256-PLSCR3
0	0	0	0	0	0	0	1	0	0	0	0	0	TMEM43
0	0	0	1	0	0	0	1	0	0	0	0	0	TMPO
0	0	0	0	0	0	0	0	0	0	0	0	1	TMT1A
0	1	0	0	0	0	0	0	0	0	0	0	1	TNC
1	1	1	1	0	0	0	0	0	0	0	1	1	TNF
1	0	0	0	0	0	0	0	0	0	0	0	0	TNFAIP3
0	1	0	0	0	0	0	0	0	0	0	0	0	TNFAIP6
0	1	0	0	0	0	0	0	0	0	0	0	0	TNFAIP8
0	1	0	0	0	0	0	0	0	0	0	0	0	TNFRSF10C
1	0	0	0	0	0	0	0	0	0	0	0	0	TNFRSF11B
0	0	0	0	0	0	0	0	0	0	0	0	1	TNFRSF1B
0	0	0	0	0	0	0	0	1	0	0	0	0	TNFRSF8
1	0	0	0	0	0	0	0	0	0	0	0	0	TNFSF15
0	1	0	0	0	0	0	0	0	0	0	0	0	TNIK
0	0	0	0	0	0	0	1	0	0	0	0	0	TNNC1
0	0	0	0	0	0	0	1	0	0	0	0	0	TNNC2
0	0	0	0	0	0	0	1	0	0	0	0	0	TNNI3
0	0	0	1	1	0	0	1	0	0	0	0	0	TNNT2
0	0	0	0	0	0	0	0	0	0	0	0	1	TOB1
0	0	1	1	0	0	0	1	0	0	0	0	0	TP53
1	0	0	0	0	0	0	0	0	0	0	0	0	TP73
0	0	1	0	0	0	0	1	0	0	0	0	0	TPM1
0	0	0	1	0	0	0	0	0	0	0	0	0	TRAF6
0	1	0	0	0	0	0	0	0	0	0	0	0	TREML1
1	0	0	0	0	0	0	0	0	0	0	0	0	TREX1
0	0	1	0	0	0	0	0	0	0	0	0	1	TRH
0	0	1	0	0	0	0	0	0	0	0	0	0	TRHR
0	0	0	1	0	0	0	0	0	0	0	0	0	TRIB1
0	0	0	0	0	0	0	0	1	0	0	0	0	TRIM5
0	0	0	0	0	0	0	1	0	0	0	0	0	TRIM63
1	0	0	0	0	0	0	0	0	0	0	0	0	TRPA1
1	0	0	0	0	0	0	0	0	0	0	0	0	TRPC1
0	0	1	0	0	0	0	0	0	0	0	0	0	TRPC3
0	0	1	0	0	0	0	0	0	0	0	0	0	TRPC5
0	0	0	0	0	0	0	1	0	0	0	0	0	TRPM4
1	0	0	0	0	0	0	0	0	0	0	0	0	TRPV1
1	0	0	0	0	0	0	0	0	0	0	0	0	TSC2
1	0	0	0	0	0	0	0	0	0	0	0	0	TSLP
0	1	0	0	0	0	0	0	0	0	0	0	0	TTLL5
0	0	0	0	0	0	0	1	0	0	0	0	0	TTN
0	0	0	1	0	0	0	0	0	0	0	0	0	TUBA1A
0	1	0	0	0	0	0	0	0	0	0	0	0	TUBB2A
0	0	0	1	0	0	0	0	0	0	0	0	0	TWIST1
0	0	0	0	0	0	0	0	0	0	0	0	1	TXNIP
0	0	0	1	0	0	0	0	0	0	0	0	0	TXNRD1
0	0	0	0	0	0	0	0	1	0	0	0	0	U2AF1
0	1	0	0	0	0	0	0	0	0	0	0	0	UBE2E1
0	1	0	0	0	0	0	0	0	0	0	0	0	UBE3C
0	0	0	0	0	0	1	0	0	0	0	0	0	UBN1
1	0	1	0	0	0	0	0	0	0	0	0	0	UCN
0	0	1	0	0	0	0	0	0	0	0	0	0	UCN2
1	0	0	0	0	0	0	0	0	0	0	0	0	UCN3
0	0	1	0	0	0	0	0	0	0	0	0	0	UCP1
0	0	1	0	0	0	0	0	0	0	0	0	0	UCP2
0	0	0	1	0	0	0	0	0	0	0	0	0	UGCG
0	0	1	0	0	0	0	0	0	0	0	0	0	UMOD
0	0	0	0	0	0	0	1	0	0	0	0	0	UQCRC1
0	0	0	1	0	0	0	0	0	0	0	0	0	UQCRFS1
0	0	0	0	0	0	0	0	0	0	0	0	1	UST
0	0	1	0	0	0	0	0	0	0	0	0	0	UTS2
0	0	0	1	0	0	0	0	0	0	0	0	0	VAMP5
0	0	0	1	0	0	0	0	0	0	0	0	0	VAMP8
0	0	1	0	0	0	0	0	0	0	0	0	0	VAV3
0	0	1	1	0	0	0	0	0	0	0	0	0	VCAM1
0	0	0	0	0	0	0	0	0	0	0	0	1	VCAN
0	0	0	0	0	0	0	1	0	0	0	0	0	VCL
0	0	1	1	0	0	0	0	1	0	0	0	0	VDR
1	0	1	1	0	0	0	0	0	0	0	0	0	VEGFA
0	0	1	0	0	0	0	0	0	0	0	0	0	VHL
0	0	0	0	0	0	1	0	0	0	0	0	0	VPS13D
0	0	1	0	0	0	0	0	0	0	0	0	0	VWF
0	1	0	0	0	0	0	0	0	0	0	0	0	WASF3
1	0	0	0	0	0	0	0	0	0	0	0	0	WDR1
0	0	0	1	0	0	0	0	0	0	0	0	0	WDR12
0	0	1	0	0	0	0	0	0	0	0	0	0	WNK1
0	0	1	0	0	0	0	0	0	0	0	0	0	WNK4
0	0	0	1	0	0	0	0	0	0	0	0	0	WRN
0	1	0	0	0	0	0	0	0	0	0	0	0	WWOX
0	1	0	0	0	0	0	0	0	0	0	0	0	WWP2
0	0	1	0	0	0	0	0	0	0	0	0	0	XDH
0	0	1	1	0	0	0	0	0	0	0	0	0	XRCC1
0	0	1	1	0	0	0	0	0	0	0	0	0	XRCC3
0	0	0	0	0	0	0	0	0	1	0	0	0	YES1
0	0	0	0	0	0	0	0	1	0	0	0	0	YY1
0	0	0	1	0	0	0	0	0	0	0	0	0	ZC3HC1
0	0	0	1	0	0	0	0	0	0	0	0	0	ZEB1
0	1	0	0	0	0	0	0	0	0	0	0	0	ZFAND3
0	1	0	0	0	0	0	0	0	0	0	0	0	ZFC3H1
1	0	0	1	0	0	0	0	0	0	0	0	0	ZFP36
