bait	prey	significant	HCDP	subcell_localization	logFC_APMS	padj_APMS	logFC_TbID	padj_TbID
ERK2WT	AGO1	TbID	yes	stress_granule	0.111398311696904	0.590235394572672	0.990855607925608	1.68709671064378e-08
NrasQ61R	AGO2	AP-MS	yes	stress_granule	1.36099888021802	8.66018056207754e-06	-0.482788346751629	1.26549243700926e-05
HrasS17N	AGO2	AP-MS	yes	stress_granule	1.32650200689085	4.95064609852873e-06	-0.842470403037605	5.8954522291843e-09
ERK2AA	AGO2	shared	yes	stress_granule	1.1550503351325	3.16826231503466e-05	0.363577471687326	6.84696749052986e-05
ERK2WT	AGO2	shared	yes	stress_granule	0.669174701768789	0.00268167068907449	1.15442479447051	6.28255978176809e-09
ERK2WT	AGO3	shared	no	stress_granule	0.599119625495389	0.000346850410775933	1.13175172615664	1.78792955312765e-09
NrasQ61R	AGO3	AP-MS	no	stress_granule	1.10567520773746	2.06731967463973e-06	-0.47341184315754	5.99272633710103e-07
Raf1WT	AMER1	shared	yes	plasma_membrane	1.31065741500766	0.00239083310697557	0.507247860803155	0.0108118391334098
ArafWT	AMER1	shared	yes	plasma_membrane	1.39874377862703	0.000677837239586997	0.694757952901828	0.00105214185685401
ArafS214P	AMER1	AP-MS	yes	plasma_membrane	1.77391831516366	0.000107085141520683	0.299744719213728	0.0802267067039975
Raf1S257L	AMER1	AP-MS	yes	plasma_membrane	2.10454781981578	1.61254563197075e-05	0.171687115281189	0.330918756468521
Raf1S259F	AMER1	AP-MS	yes	plasma_membrane	1.7181810473696	0.000207740858430448	0.324629555328798	0.056737679370942
ArafS214P	APC	shared	yes	actin_cytoskeleton	1.18651431864201	6.15563759424418e-07	0.171405921685818	0.0196574971415631
ERK2AA	CHD8	TbID	yes	nucleus	0.391997642897916	0.348489272864683	0.931887192395477	5.72811116746005e-08
BrafG469A	CLTB	shared	no	early_endosome	0.52430465566664	0.000984578951536186	0.929352505673266	9.26840525123892e-07
ArafWT	CSNK2B	AP-MS	yes	cytosol	2.13845095806517	1.52518698937196e-09	-0.383167593801886	0.00585523701922315
ArafS214P	CSNK2B	AP-MS	yes	cytosol	1.91944854613477	1.49770393306627e-07	-0.0971439809768787	0.445117384710323
ERK2WT	CTBP2	AP-MS	no	unclassified	0.979081446449369	2.17170793541492e-05	0.00577046209525915	0.909526747163377
Raf1S259F	CUL3	TbID	yes	early_endosome	-0.0593594936536559	0.762285626246299	0.878153168478175	4.58821543700302e-05
BrafG469A	DKK2	TbID	no	NA	NA	NA	1.16861469378677	0.000660722714316708
BrafV600E	DKK2	TbID	no	NA	NA	NA	1.16843954485502	0.000338150899460678
ERK1WT	FRAT2	AP-MS	no	NA	1.85889295073091	0.000730943105010966	NA	NA
ERK1DD	FRAT2	AP-MS	no	NA	1.34680093579309	0.00101579031704908	NA	NA
ERK1AA	FRAT2	AP-MS	no	NA	1.10575128397669	0.00139465435851604	NA	NA
KrasG12V	GNAO1	TbID	yes	NA	NA	NA	0.874077117596956	2.91372755665048e-06
KrasG12D	GNAO1	TbID	yes	NA	NA	NA	1.04280879478039	6.02367337536825e-06
NrasQ61R	GNAO1	shared	yes	NA	1.29130050616493	2.28881373092204e-05	0.274700854166468	0.0078220914427439
KrasWT	GNAO1	TbID	yes	NA	NA	NA	0.899215678539747	1.28845034850493e-06
KrasS17N	GNAO1	TbID	yes	NA	NA	NA	0.814671719293731	9.56346198571637e-07
KrasG12D	GNG10	TbID	no	plasma_membrane	-1.03075510699189	1.06029387129533e-05	0.825988900516922	6.05276922890563e-05
KrasG12V	GNG10	TbID	no	plasma_membrane	-1.04615498004783	6.94402823363493e-07	0.836532878142876	2.16855496842365e-06
KrasWT	GNG10	TbID	no	plasma_membrane	-0.884619467339087	4.16728945212143e-05	0.790427807322079	5.60454600741903e-06
BrafG469A	GNG12	TbID	no	plasma_membrane	-0.852874875907203	0.00169559950097354	1.09875569274612	2.02141340868005e-05
KrasS17N	GNG4	TbID	no	plasma_membrane	NA	NA	1.52922793540274	0.00832172947132349
NrasQ61R	GNG4	shared	no	plasma_membrane	1.40598137728897	1.0899034286762e-05	0.625259149378668	0.000211417255832446
KrasWT	GNG4	TbID	no	plasma_membrane	NA	NA	2.06795443413054	2.40373270475006e-05
KrasG12V	GNG4	TbID	no	plasma_membrane	NA	NA	2.34553917782718	1.01416200284789e-05
KrasG12D	GNG4	TbID	no	plasma_membrane	NA	NA	1.5074063302027	0.0233344075892142
KrasS17N	GNG7	TbID	no	plasma_membrane	NA	NA	0.816409076134747	0.000228633747212342
KrasG12V	GNG7	TbID	no	plasma_membrane	NA	NA	0.862274741035138	0.00020219195963292
KrasS17N	H2BC11;H2BC17;H2BC3;H2BC21	AP-MS	no	NA	0.741340057546784	0.000469166394545853	NA	NA
KrasG12V	H2BC11;H2BC21	TbID	no	NA	NA	NA	1.162310186115	0.0325277609596311
ERK1AA	H2BC12;H2BC5;H2BC4;H2BC18;H2BC9;H2BC15;H2BC14;H2BC13	AP-MS	no	NA	1.23809586053704	0.028480378023131	NA	NA
ArafWT	ITPR2	AP-MS	yes	ER	1.7229163577492	2.85593212559107e-09	0.00973016706225691	0.905326591990689
ArafS214P	ITPR2	AP-MS	yes	ER	2.2742880717441	5.4585095876224e-08	-0.0099961284129122	0.883890147445613
ArafWT	ITPR3	AP-MS	yes	ER	1.48218284324368	2.77685099353689e-07	0.137872646848198	0.0666310903712213
ArafS214P	ITPR3	shared	yes	ER	2.41928731063403	1.42694254474034e-07	0.37948674332463	9.0518057574716e-05
KrasS17N	KLHL12	TbID	no	NA	0.166637958190982	0.0878831601094137	1.07567079388771	3.00607851588885e-07
ArafWT	KLHL12	TbID	no	NA	0.27071682785759	0.0811787034319436	0.972033199175669	0.000156398548903511
Raf1S259F	KLHL12	shared	no	NA	0.724901705011355	0.00078527179792671	1.29160011795443	4.33375343338327e-06
KrasG12V	KLHL12	TbID	no	NA	0.137812711349698	0.0509873904059226	1.26058728799623	1.09406021981087e-06
NrasWT	KRAS	TbID	yes	plasma_membrane	1.58797303680618	0.0537290915077693	1.46376993805532	0.000710095215651603
HrasG13R	KRAS	core	yes	plasma_membrane	1.81343996848675	0.0323488662165193	1.61989434019818	2.43140785657308e-06
KrasG12V	KRAS	core	yes	plasma_membrane	6.96627670184253	6.47505218730964e-10	8.1367947468236	3.99208863260367e-09
KrasG12D	KRAS	core	yes	plasma_membrane	6.86945927931819	7.80265888727685e-10	8.22296494914296	7.49248360382118e-10
NrasQ61K	KRAS	TbID	yes	plasma_membrane	1.67558662200282	0.0732162945163029	1.31524670102878	2.873429532806e-05
NrasQ61R	KRAS	core	yes	plasma_membrane	1.55216542335509	0.0459324530819496	2.63035547032306	4.62431261817101e-07
BrafWT	KRAS	TbID	yes	plasma_membrane	1.50664709658737	0.0549951762922445	1.45534415524101	5.53070067895089e-07
ArafWT	KRAS	shared	yes	plasma_membrane	2.39832514109825	0.0025448537302227	0.744319616416266	0.000650670856556074
Raf1S259F	KRAS	AP-MS	yes	plasma_membrane	1.82888146058367	0.0194880002088935	0.127909775127273	0.422671062751513
HrasQ61R	KRAS	TbID	yes	plasma_membrane	1.19790188439275	0.124793379081205	2.07848687637749	1.12854847661842e-07
KrasWT	KRAS	core	yes	plasma_membrane	6.95922941800161	1.48148001440229e-08	8.24154120551822	9.02950272025105e-10
BrafD594N	KRAS	shared	yes	plasma_membrane	1.63547261391348	0.0473487525858778	0.668958590161166	0.000516931358974433
KrasS17N	KRAS	core	yes	plasma_membrane	7.09631951129128	1.24922317544083e-08	8.27673426793915	1.09446641672277e-10
HrasWT	KRAS	core	yes	plasma_membrane	1.87321499569676	0.0195226894166881	2.67229530478052	2.93927126430785e-06
Raf1WT	KRAS	shared	yes	plasma_membrane	2.3214386700253	0.00986605107694511	0.787292490630152	0.000185098494976652
HrasS17N	KRAS	TbID	yes	plasma_membrane	1.32491649089123	0.0830533021727379	1.19591821021395	1.71062706078527e-06
Raf1WT	LRP5	AP-MS	yes	NA	1.19661790998993	2.845110933386e-07	-0.023894070722802	0.815586138531349
Raf1S257L	LRP5	AP-MS	yes	NA	1.68758801582313	2.67328349136601e-09	-0.140642252408909	0.227792835896763
Raf1S259F	LRP5	AP-MS	yes	NA	1.64901729369974	5.64554780586937e-07	0.0888174579538062	0.343683338214798
Raf1S257L	LRP6	shared	yes	NA	2.0488150604597	3.68737052028492e-10	0.333311136329616	3.74157769747145e-05
Raf1S259F	LRP6	shared	yes	NA	1.65981364466317	1.39643461648401e-06	0.357391736573546	3.59815607895873e-06
Raf1WT	LRP6	shared	yes	NA	1.16938556117299	6.70189527501533e-07	0.25345108558307	0.000104445023419379
MEK2DD	MAP3K7	TbID	yes	cytosol	-0.307638080825561	0.0217893213988872	1.01569822869696	3.95324859484558e-09
Raf1S257L	MOV10	shared	yes	stress_granule	1.22854809268643	1.25505101993594e-07	0.183450977792794	0.0140901686745268
MEK2DD	NFATC1	TbID	yes	nucleus	0.273169982149075	0.118804472074604	0.941844585016566	2.28433589909972e-07
HrasQ61R	PFN1	shared	yes	actin_cytoskeleton	0.493139312175402	0.0478270933938566	1.28183726276584	2.63015815579822e-07
Raf1D486A	PFN1	TbID	yes	actin_cytoskeleton	0.148416166675296	0.567562756790625	1.09575570417833	1.71054519774961e-06
HrasG13R	PFN1	TbID	yes	actin_cytoskeleton	0.457005385975452	0.104878454594612	1.21658457297907	2.51550930419987e-07
Raf1D486A	PLCB1	AP-MS	yes	plasma_membrane	1.42974511702775	0.00702353721175138	0.0467609358248757	0.719716324966567
ArafD447A	PLCB1	shared	yes	plasma_membrane	1.35081732847887	0.0105427813021505	0.294552734107782	0.0416808436980051
BrafG469A	PPP2CB	TbID	no	cytosol	-0.689218994223018	0.00862677253513971	0.996034137999347	2.99178326944244e-06
BrafG469A	PPP2R1B	TbID	no	cytosol	0.253381418425885	0.173555366463902	0.989310631767103	2.13867261072395e-07
ERK2AA	PPP2R1B	shared	no	cytosol	0.901374340183196	0.000234349678122381	1.20354939590714	1.20988595516801e-07
Raf1S257L	PPP2R1B	shared	no	cytosol	0.589750500987594	0.00443819719336852	0.87880952180039	3.86227639500201e-07
HrasS17N	PPP2R1B	shared	no	cytosol	0.765096145383195	0.000583874534126481	1.02444072969847	9.05535996636368e-08
Raf1S259F	PPP2R1B	shared	no	cytosol	1.09312754414073	8.49957562565841e-05	0.92505080497137	9.83143867055174e-08
BrafV600E	PPP2R5E	TbID	no	cytosol	-0.414810986466625	0.0077518707025837	0.905930541341346	1.18507372974025e-08
BrafG469A	PPP2R5E	TbID	no	cytosol	-0.289016845715433	0.0433075496120745	1.04251849548504	8.67352297214813e-10
HrasS17N	PPP2R5E	TbID	no	cytosol	-0.50546374588694	0.00189273560421109	0.879308963786257	1.99505105469493e-08
Raf1S257L	PPP2R5E	shared	no	cytosol	0.314026300463874	0.0390866370192316	0.956868849353154	4.79623324878855e-09
MEK2DD	PPP3CA	shared	yes	cytosol	0.923473842672969	3.31357444638075e-05	1.33472948376915	1.39254430764598e-09
MEK2AA	PPP3CA	shared	yes	cytosol	0.53327222861159	0.0121122707477403	1.08542484370239	1.20293691818468e-08
MEK1AA	PRKCB	shared	yes	NA	1.25715152982643	0.00815472652386376	0.486813884997369	8.0646843604624e-07
HrasG13R	PRKCB	AP-MS	yes	NA	1.20091447862466	0.00813754184764446	0.0765010317734404	0.177638654411985
ERK2AA	PSMA6	shared	yes	proteasome	0.892036651894885	3.07201022022695e-05	0.841785628164214	1.07327664301966e-07
Raf1S257L	PSMA6	shared	yes	proteasome	0.97205967311505	6.61781973412505e-06	0.901770973645937	2.14100664589964e-08
BrafD594N	PSMB4	TbID	no	proteasome	0.138737456789067	0.531303782110439	0.841052148230378	1.06838643568662e-06
MEK2AA	PSMB4	TbID	no	proteasome	0.0976015983367723	0.693418244797947	0.960316918107433	3.5896352014028e-08
Raf1S259F	PSMB4	shared	no	proteasome	0.394371263403394	0.0257725369038542	0.914019499588642	7.59257934508445e-08
BrafWT	PSMB4	TbID	no	proteasome	-0.0847850109105318	0.707266413314809	1.09835239790526	2.2081631540783e-08
ArafWT	PSMB4	TbID	no	proteasome	0.0633582629496035	0.734930190313793	0.875855527638838	5.29974016000425e-07
ERK2AA	PSMB5	core	no	proteasome	1.30141592821815	2.01592718710348e-06	1.38736578801541	5.45799305625318e-10
NrasQ61R	PSMB5	core	no	proteasome	1.2310430390964	1.0696442262334e-06	1.45196659667082	1.61151566748511e-10
Raf1S257L	PSMB5	core	no	proteasome	1.29059832214681	5.91469430612721e-07	1.36255189830798	4.20389581799299e-10
ArafD447A	PSMB5	shared	no	proteasome	0.300960996423077	0.0195882826188826	0.88087712142986	9.06023391475065e-09
NrasQ61K	PSMB5	core	no	proteasome	1.32600583386741	7.18041653440129e-06	1.7473755500143	3.97529021471009e-11
MEK2DD	PSMC2	shared	no	proteasome	0.568980787792642	0.000122162512977512	1.15920550911787	9.37443680666105e-11
ArafD447A	PSMC2	shared	no	proteasome	1.05837810313428	6.77705284810076e-07	0.910524255634324	8.13506190861427e-10
MEK2AA	PSMC2	TbID	no	proteasome	0.00711069872001563	0.972524804500826	1.0664810347303	1.00248999823739e-10
MEK1WT	PSMC2	TbID	no	proteasome	-0.099859424887166	0.533599051353381	1.01019413359829	1.09058629397472e-10
ERK2WT	PSMC2	shared	no	proteasome	0.429370031889202	0.00428807120132557	1.04041457154402	1.54776002505515e-09
MEK2DD	PSMC3	shared	no	proteasome	0.764742027093744	1.7392951161177e-05	1.26488923647226	7.43359748142415e-11
MEK2DD	PSMC4	shared	no	proteasome	0.961209467445261	1.11347157737919e-06	1.56147695440691	2.20526627510423e-11
MEK2AA	PSMC4	TbID	no	proteasome	-0.0728761392404978	0.620087253062169	0.882473479080543	1.83222889837289e-09
MEK1DD	PSMC4	shared	no	proteasome	0.501288403023059	0.000742429127774644	1.00856483136846	7.17241519872131e-09
BrafWT	PSMC5	TbID	no	proteasome	-0.346827822098126	0.0157246617779077	1.02252628827099	3.47132862114565e-10
NrasQ61K	PSMC5	TbID	no	proteasome	-0.57249492796797	0.000478070323586649	0.869718894237365	1.47278604210404e-08
ArafS214P	PSMC5	TbID	no	proteasome	0.11058538048799	0.304473317535468	1.13722550487314	3.63741549500248e-10
ERK2WT	PSMC5	TbID	no	proteasome	-0.0221919070261647	0.877715222678851	1.06131162319087	2.34039786324164e-10
Raf1S259F	PSMC5	shared	no	proteasome	0.542701588165577	0.00026106555698582	0.860994881476425	1.62867514713923e-09
MEK1DD	PSMC5	TbID	no	proteasome	0.196959753950437	0.0736171388050759	1.58140999301887	1.0126051814973e-10
HrasWT	PSMC5	TbID	no	proteasome	-0.570323292544818	0.000343705639164066	0.902018366314486	1.52295704634998e-08
MEK2WT	PSMC5	TbID	no	proteasome	-0.137170873076269	0.387525172435547	1.27732931207136	8.76386252963756e-11
BrafD594N	PSMC5	TbID	no	proteasome	-0.0209094091050592	0.908428211450969	1.11033759810671	6.80080079176892e-11
MEK2AA	PSMC5	TbID	no	proteasome	-0.128808475284316	0.358632568716278	1.38179334198693	6.55218924104585e-12
MEK1WT	PSMC5	TbID	no	proteasome	-0.258099055723713	0.0596388641026056	1.35629091727414	1.34736538973977e-11
ERK2AA	PSMC5	TbID	no	proteasome	-0.407713596045735	0.00190777866821052	1.02618575865987	6.63117388454569e-09
HrasG13R	PSMC5	TbID	no	proteasome	-0.530893441244131	0.0036626011154444	0.873127038866743	1.32989628489335e-08
BrafV600E	PSMC5	TbID	no	proteasome	0.000660574824035237	0.995601056505977	0.951758218908942	1.83112347412257e-10
MEK2DD	PSMC5	shared	no	proteasome	0.696798463998189	2.30290803325772e-05	1.95805613835844	8.22785035723479e-13
Raf1S257L	PSMC5	shared	no	proteasome	0.620785246744009	4.6018184520296e-05	0.985079060235211	2.10297171428783e-10
MEK2DD	PSMC6	shared	no	proteasome	1.16455652455093	2.04692992329288e-07	0.587624900265294	1.5317587344121e-07
Raf1S259F	PSMC6	shared	no	proteasome	1.28726577807338	1.5995458481293e-07	0.194954283862009	0.00289615017387031
Raf1S257L	PSMC6	shared	no	proteasome	1.21730028897703	3.96723308205269e-08	0.128529779953149	0.0374922944979686
Raf1S259F	PSMD1	shared	no	proteasome	1.35475243070699	8.23976711184336e-07	0.296487961456819	2.28559708536653e-05
KrasS17N	PSMD1	AP-MS	no	proteasome	1.09141669819035	1.99295663367607e-07	-0.08552760340765	0.0399655395132407
KrasG12D	PSMD1	AP-MS	no	proteasome	1.14147908010263	1.75294406579111e-07	-0.105141351714622	0.0265813921152482
Raf1S257L	PSMD1	shared	no	proteasome	1.384283963263	9.56137869007522e-09	0.320585255267121	3.18538347838818e-05
KrasWT	PSMD1	AP-MS	no	proteasome	1.03811318425992	8.10813030354591e-07	0.0377909527290061	0.335601793266089
MEK2DD	PSMD1	shared	no	proteasome	1.07301595090668	3.09464288754206e-07	0.562273615693431	2.79087275753124e-08
KrasG12V	PSMD1	AP-MS	no	proteasome	0.992690516369468	1.14532429626778e-08	-0.1242895381191	0.0233196900586841
KrasS17N	PSMD11	AP-MS	no	proteasome	1.01523578120674	6.29459509000196e-07	-0.144449974350241	0.00814664011979838
KrasG12V	PSMD11	AP-MS	no	proteasome	1.00676952249765	1.08363392435187e-08	-0.0911612084224256	0.0490984248319426
Raf1S259F	PSMD11	shared	no	proteasome	1.43513818797704	6.66400684697501e-08	0.655011415964208	8.8218495325044e-08
KrasWT	PSMD11	shared	no	proteasome	0.970938583180944	4.81181367153441e-07	0.140011277370762	0.0415823939389943
BrafG469A	PSMD11	TbID	no	proteasome	-0.383843808904372	0.000568917960725453	0.889171396990042	8.11295915594969e-09
Raf1S257L	PSMD11	shared	no	proteasome	1.45147478451094	8.51889240686045e-10	0.787023032732193	2.80719267099208e-08
KrasG12D	PSMD11	AP-MS	no	proteasome	0.972053266658506	1.0760775368955e-06	-0.060262598358678	0.214405425734802
MEK2DD	PSMD11	shared	no	proteasome	1.1377329943856	4.13852395489545e-08	0.346469843413097	5.00231074470082e-05
Raf1S259F	PSMD12	shared	yes	proteasome	1.52056076140058	3.59945346913395e-07	0.680491969599266	3.98807761212952e-08
Raf1S257L	PSMD12	shared	yes	proteasome	1.24985228904729	7.74173145493347e-07	0.751554517924776	2.87248250613735e-07
MEK2DD	PSMD12	shared	yes	proteasome	1.28968607885468	2.61375717219816e-06	0.734090032089629	4.51784606361909e-09
BrafG469A	PSMD12	TbID	yes	proteasome	-0.267110257687497	0.0764699231733962	0.883519918866924	9.69410245656983e-10
KrasG12D	PSMD12	AP-MS	yes	proteasome	0.98060369617381	3.8500762472475e-07	-0.0156063931071131	0.811916497570346
KrasWT	PSMD12	AP-MS	yes	proteasome	0.932159486781455	1.13533982626499e-06	0.128883664682187	0.0995322307382008
KrasS17N	PSMD12	AP-MS	yes	proteasome	0.971410735981904	9.22986104397232e-06	-0.0905910582331479	0.0786226424998746
KrasG12V	PSMD12	AP-MS	yes	proteasome	0.939310098896966	8.68627860185581e-08	-0.112024822961125	0.0213831522978712
KrasWT	PSMD13	shared	no	proteasome	0.922651549502927	2.80612824585393e-06	0.237946856244012	0.00381824973817999
Raf1S257L	PSMD13	shared	no	proteasome	1.19421561361166	9.18178894750585e-07	0.260492085584198	0.000857098303259594
KrasG12D	PSMD13	AP-MS	no	proteasome	0.851170711159595	1.82823649299259e-06	0.102584111446912	0.087854110802186
KrasG12V	PSMD13	AP-MS	no	proteasome	0.867084891133548	1.57829819267694e-07	0.0461847242238456	0.272704800509156
KrasS17N	PSMD13	AP-MS	no	proteasome	0.949316153032848	1.39536767762812e-06	0.074071973308607	0.108669619463519
Raf1S259F	PSMD13	shared	no	proteasome	1.4715541012898	4.18427794556437e-07	0.43007275232472	3.41590736182539e-06
MEK2DD	PSMD13	shared	no	proteasome	1.36013222073521	1.36717070354e-06	0.289966830786149	6.74900668268751e-05
MEK2DD	PSMD14	shared	no	proteasome	1.38281021794886	1.3219589264388e-06	0.304982459567694	0.0215821291472676
Raf1S259F	PSMD14	shared	no	proteasome	1.23959804986769	7.49142929457646e-06	0.42079854854526	0.00462027563773506
Raf1S257L	PSMD14	AP-MS	no	proteasome	1.17109600713567	1.8888068765824e-06	0.23800230467339	0.108304441496096
KrasG12D	PSMD2	AP-MS	no	proteasome	1.13219751702943	1.50437960531498e-07	-0.020528105960901	0.635293259132446
Raf1S259F	PSMD2	shared	no	proteasome	1.38935706236001	1.69998209065301e-07	0.513919883984039	6.49399440895725e-06
MEK2DD	PSMD2	shared	no	proteasome	1.07990981228403	1.32689087620774e-07	0.612908969909504	1.82525882326376e-06
KrasS17N	PSMD2	AP-MS	no	proteasome	1.11585510025104	3.28980297334516e-07	-0.0993130207014445	0.0180789816031131
KrasWT	PSMD2	AP-MS	no	proteasome	0.977448170256835	1.49903824508913e-06	-0.00197519978732608	0.969504047281124
KrasG12V	PSMD2	AP-MS	no	proteasome	0.996165288898613	4.37617884165601e-08	-0.0610843089797246	0.194922681454997
ERK2WT	PSMD3	AP-MS	no	proteasome	1.01911367401027	7.60321248199274e-06	0.0437181210753337	0.678941302962964
KrasG12D	PSMD4	shared	no	proteasome	0.733029759260235	9.84070666883875e-07	0.23075607597611	0.000594379860054801
KrasS17N	PSMD4	shared	no	proteasome	0.739929779706188	2.59112339276429e-06	0.212601994018225	0.000464620639551775
BrafG469A	PSMD6	TbID	yes	proteasome	-0.406952008014276	0.00783391243455213	0.922853051416955	1.53550031462145e-07
Raf1S259F	PSMD7	shared	no	proteasome	1.69109894477961	4.70576537113725e-08	0.3384412030086	0.000194852732037203
KrasS17N	PSMD7	AP-MS	no	proteasome	1.00536385903294	3.72521007528416e-06	-0.0350508704743753	0.528505448505236
MEK2DD	PSMD7	shared	no	proteasome	1.30243300858851	1.07852201193062e-06	0.332265528634694	0.000351022105282279
Raf1S257L	PSMD7	AP-MS	no	proteasome	1.45116231941517	6.03588148391181e-08	0.130204625877682	0.0852571527896092
KrasG12V	PSMD7	AP-MS	no	proteasome	0.925458254164186	5.95826748860713e-08	-0.0470027439714507	0.448395004768278
KrasG12D	PSMD7	AP-MS	no	proteasome	0.952603098101921	9.16274722241827e-07	-0.0313842477310367	0.650842685776936
KrasWT	PSMD7	AP-MS	no	proteasome	0.890423073182916	2.66062109135098e-06	0.0506219776360268	0.422174069734915
MEK2DD	PSMD9	TbID	no	cytosol	0.0660120338406656	0.634503289745375	1.23486593680995	8.5153915979176e-10
BrafG469A	PSME4	TbID	no	proteasome	0.0686169879702038	0.931865563642514	1.04832642511893	1.45010758914398e-08
HrasS17N	PYGO1	AP-MS	no	NA	1.33470617264287	0.000107046972237527	NA	NA
NrasQ61R	PYGO1	AP-MS	no	NA	1.38434497898968	8.04553221178551e-05	NA	NA
BrafV600E	RAC2	shared	yes	NA	0.916762167014752	0.00617903849461197	1.72615488667052	6.25323151233513e-11
BrafG469A	RAC2	TbID	yes	NA	0.202546441085371	0.501249240174778	0.91291578822828	1.53550031462145e-07
ERK2AA	RAC2	shared	yes	NA	0.703944857123818	0.027344264322094	1.0186676642398	1.12420260985181e-07
Raf1S259F	RAC2	TbID	yes	NA	0.382357133652258	0.20365945053196	1.10544674633598	9.05710862936944e-09
NrasQ61R	RAC2	core	yes	NA	1.75687679041029	3.14500784278627e-05	0.95091125177603	2.09518903136961e-07
MEK2DD	RAC2	shared	yes	NA	1.2211016609135	0.000669040494673565	0.869058363132065	8.56036870436883e-08
NrasQ61R	RAC3	shared	yes	actin_cytoskeleton	1.13942827416187	5.35955397479659e-05	0.444679292548204	0.000260312346841593
MEK2DD	RNF43	AP-MS	yes	NA	1.02654963625148	0.0154738933301233	NA	NA
ArafWT	RUVBL1	shared	no	cytosol	2.37872109625624	3.30595161089574e-09	0.660015645967564	7.53110710992514e-06
ArafS214P	RUVBL1	shared	no	cytosol	1.23444644923853	0.000108415282713708	0.690547013033748	2.92722362424137e-06
ArafD447A	RUVBL1	shared	no	cytosol	1.65356348629086	8.77603669487692e-08	0.605423024956967	1.94665612688662e-05
KrasG12D	SCRIB	shared	yes	plasma_membrane	0.137061567286446	0.0088331290224452	1.22787230531127	3.3332985923247e-08
MEK2WT	SCRIB	shared	yes	plasma_membrane	0.372795340038717	0.0165856624022393	0.968690589720145	2.76589809441876e-08
HrasQ61R	SCRIB	core	yes	plasma_membrane	1.88467197335761	1.22991117629503e-05	2.1062519292406	3.23753125478183e-11
HrasG13R	SCRIB	core	yes	plasma_membrane	2.09379955296761	6.04916500186595e-05	2.220689058312	3.40468403490748e-11
NrasQ61R	SCRIB	core	yes	plasma_membrane	1.97956821240521	2.03968826957446e-09	2.56857877929325	5.00549697190048e-12
MEK1AA	SCRIB	TbID	yes	plasma_membrane	0.146833284589779	0.277959021488979	0.987336505806293	2.72680610714369e-08
NrasQ61K	SCRIB	shared	yes	plasma_membrane	0.912469803669481	1.92474372646365e-05	2.67551417773719	1.81687960085082e-11
MEK1WT	SCRIB	TbID	yes	plasma_membrane	0.0363090495204511	0.854023472581581	1.07437460357143	8.74653599845539e-09
HrasS17N	SFRP1	core	yes	NA	1.10136736770369	0.00138315804772679	1.01706909720374	2.73772630052711e-08
MEK2DD	SNX3	shared	no	early_endosome	0.872203163638066	0.00544034847897377	1.18642569705146	2.6568475375626e-09
MEK2AA	SNX3	TbID	no	early_endosome	0.525521500790091	0.131565649782604	0.927210668919244	1.99856327768647e-08
ERK1DD	SOX7	TbID	no	NA	NA	NA	1.17572181776004	0.00483833851695396
ERK2DD	SOX7	TbID	no	NA	NA	NA	0.84862986420919	0.0168883290311705
ERK2AA	SOX7	TbID	no	NA	NA	NA	1.14576674188043	0.00377807138942335
ERK2WT	SOX7	TbID	no	NA	NA	NA	1.37039850312851	0.00102307299059243
ERK1WT	SOX7	TbID	no	NA	NA	NA	1.50412421806997	0.00121140479224217
ERK1AA	SOX7	TbID	no	NA	NA	NA	0.890883424210498	0.0176042163933665
MEK2DD	TNRC6A	TbID	no	stress_granule	-0.524363184084556	0.000108374541389251	1.22906628657935	1.19466709200473e-08
ERK2WT	TNRC6A	shared	no	stress_granule	0.548297710224438	8.91479082259889e-05	1.95356529244899	4.82563918770094e-10
ERK1WT	TNRC6A	TbID	no	stress_granule	-0.250090293652836	0.0254297077132577	0.937061470455526	8.65424946820583e-06
MEK1WT	TNRC6A	TbID	no	stress_granule	-0.0204551925215126	0.913865636673888	1.38856751911961	3.49705164840789e-09
MEK2AA	TNRC6A	TbID	no	stress_granule	-0.334406187979216	0.00918894786867565	1.54438272191754	1.12706731932853e-09
MEK1AA	TNRC6A	TbID	no	stress_granule	-0.256675590551039	0.0266281389376729	1.17178844344228	1.88720690551401e-08
ERK2WT	TNRC6B	shared	yes	nucleolus	0.530545937550832	0.000856167750407021	1.10921452283691	2.57834343208963e-07
MEK2DD	TNRC6B	TbID	yes	nucleolus	-0.456484206829728	0.000873501698090002	0.908351648434819	2.37719745959952e-07
MEK2AA	TNRC6B	TbID	yes	nucleolus	-0.113520088873952	0.477287160958814	1.08660661133114	7.57561067098951e-08
MEK1AA	TNRC6C	TbID	no	cytosol	-0.138570915023343	0.530373515492335	0.920509192987587	3.20688811721466e-08
ERK2WT	TNRC6C	shared	no	cytosol	0.648910639605943	0.00159552065802902	1.21435833321204	7.4057250787408e-09
MEK1WT	TNRC6C	shared	no	cytosol	0.492873336812075	0.020116212904142	1.28333640826272	4.09567204279855e-10
MEK2DD	TNRC6C	TbID	no	cytosol	-0.21309454248291	0.161574595561469	1.29541399528977	3.70801675023594e-10
MEK2AA	TNRC6C	TbID	no	cytosol	0.0842113928524127	0.721656145021665	1.26854382591654	4.93582656575681e-10
Raf1S257L	USP34	shared	no	cytosol	1.69172739789515	6.70953863673992e-09	0.261122577340717	2.03782536181425e-05
ArafD447A	USP34	shared	no	cytosol	1.48024414000589	5.51856035492575e-09	0.199923711329632	0.000985201924082066
ArafWT	USP34	AP-MS	no	cytosol	1.65925410459205	1.79810714540514e-09	0.0499253623630771	0.244566745217222
ArafS214P	USP34	AP-MS	no	cytosol	2.45523734050165	1.66354843871839e-08	0.0857909108605837	0.0618422976435231
Raf1S259F	USP34	shared	no	cytosol	1.70007129069861	4.87201079095732e-08	0.258540380472858	1.47676485707637e-05
NrasQ61R	VANGL2	TbID	yes	plasma_membrane	NA	NA	0.941934140324883	2.91041146006324e-07
Raf1D486A	VPS26A	TbID	yes	early_endosome	0.0134087862244872	0.935692738951317	0.936815492419043	2.58788468858634e-08
KrasS17N	WNT11	TbID	no	NA	NA	NA	0.79082099574978	0.00348224991799515
NrasQ61R	WNT11	AP-MS	no	NA	1.1115508650101	0.0138447124084283	0.148220618440333	0.127141674847526
KrasG12D	WNT11	TbID	no	NA	NA	NA	0.796605652896174	0.00381220707388577
ArafWT	WNT11	shared	no	NA	1.22133953113574	0.00625422860751804	0.397409343989221	0.000425245788424294
KrasG12V	WNT11	TbID	no	NA	NA	NA	0.906637917435087	0.00303503870328164
HrasS17N	WNT3A	TbID	no	NA	NA	NA	0.944248591156784	5.56652305057959e-06
HrasG13R	YWHAZ	shared	no	14-3-3_scaffold	1.24092343744329	0.000453686485713281	0.748026325565847	2.91155540834639e-06
ArafD447A	YWHAZ	shared	no	14-3-3_scaffold	3.21164202240693	1.68703386440083e-11	0.26638225643807	0.0121927837340639
BrafWT	YWHAZ	core	no	14-3-3_scaffold	6.66271634432154	5.32803063041571e-15	1.93893852435861	4.52821920938129e-09
BrafV600E	YWHAZ	core	no	14-3-3_scaffold	6.33792071625761	5.76702807733555e-14	2.46500850708669	2.99504590548221e-11
MEK2AA	YWHAZ	shared	no	14-3-3_scaffold	3.78869637898545	1.44935118514039e-11	0.321393386928235	0.00379222888533163
Raf1WT	YWHAZ	core	no	14-3-3_scaffold	5.82641601295002	5.32288786322728e-14	1.16594016689713	2.587156491129e-08
BrafD594N	YWHAZ	core	no	14-3-3_scaffold	6.59004881550581	1.09378039129832e-14	2.94576463783039	2.47220295701792e-11
ArafS214P	YWHAZ	core	no	14-3-3_scaffold	2.94497965300822	1.04018601799573e-07	1.05930569432625	4.00629792976679e-08
Raf1D486A	YWHAZ	core	no	14-3-3_scaffold	4.720800439885	4.34456215720625e-13	1.12300260352652	2.2091184398472e-08
MEK2DD	YWHAZ	shared	no	14-3-3_scaffold	3.96591686157534	8.18342565779896e-12	0.752716950406143	1.22275409336416e-06
ArafWT	YWHAZ	shared	no	14-3-3_scaffold	5.3001427027514	2.45366392775053e-13	0.63589409900566	9.93144891758259e-06
HrasQ61R	YWHAZ	shared	no	14-3-3_scaffold	1.33424573899142	6.92201525249058e-05	0.745288041937306	4.39487587825417e-06
MEK1DD	YWHAZ	shared	no	14-3-3_scaffold	3.13277108404391	2.93327215723251e-08	0.239877329533882	0.0467099743614378
BrafG469A	YWHAZ	core	no	14-3-3_scaffold	6.08883538976073	2.60521133626969e-14	1.99958394412712	1.3723201108864e-09
KrasG12D	YWHAZ	AP-MS	no	14-3-3_scaffold	0.819510125020546	4.63312058980978e-06	-0.00842892271956863	0.889232543790126
KrasG12V	YWHAZ	AP-MS	no	14-3-3_scaffold	0.885301440567103	3.33105738437745e-07	-0.0107167352982511	0.854429864032258
Raf1S257L	YWHAZ	core	no	14-3-3_scaffold	4.18367793832089	1.80238450075375e-12	1.27844910827192	1.73407050702051e-08
NrasQ61R	YWHAZ	AP-MS	no	14-3-3_scaffold	2.06649754681687	1.04843324996073e-08	0.0604460897374791	0.536876123464976
NrasQ61K	YWHAZ	shared	no	14-3-3_scaffold	1.79451804611617	5.90682042388338e-08	0.254272787841048	0.0156155539777604
Raf1S259F	YWHAZ	core	no	14-3-3_scaffold	3.81312979965231	3.17202031091439e-09	1.29700854062769	6.0837929722882e-09
MEK2WT	YWHAZ	AP-MS	no	14-3-3_scaffold	4.03799839127877	7.92221919053955e-12	0.173007816842473	0.0730051096950254
